CustomerID,FirstName,LastName,Gender,BirthDate,JoinDate,PurchaseDate,ItemPurchased,QuantityPurchased,PurchaseAmount,Frequency,ReviewGiven
1,Customer1,Last1,Male,2005-06-09,2021-05-20,2021-12-13,Item_29,4,21.106376680625242,Monthly,5
1,Customer1,Last1,Male,2005-06-09,2021-05-20,2020-12-19,Item_30,2,90.310931545276,Monthly,5
1,Customer1,Last1,Male,2005-06-09,2021-05-20,2021-08-03,Item_18,1,83.64309398172621,Weekly,4
1,Customer1,Last1,Male,2005-06-09,2021-05-20,2020-08-28,Item_21,3,108.94594694850042,Weekly,4
1,Customer1,Last1,Male,2005-06-09,2021-05-20,2020-08-20,Item_27,2,36.186350840254725,Monthly,1
1,Customer1,Last1,Male,2005-06-09,2021-05-20,2020-07-28,Item_13,1,114.1809109080206,Daily,5
1,Customer1,Last1,Male,2005-06-09,2021-05-20,2021-05-08,Item_14,4,196.29819618021014,Weekly,3
1,Customer1,Last1,Male,2005-06-09,2021-05-20,2020-08-10,Item_15,1,126.61770957498281,Monthly,3
1,Customer1,Last1,Male,2005-06-09,2021-05-20,2020-11-16,Item_17,4,144.46078200281755,Daily,1
2,Customer2,Last2,Female,1991-09-28,2021-08-01,2021-10-20,Item_37,1,135.55582247685763,Weekly,1
2,Customer2,Last2,Female,1991-09-28,2021-08-01,2020-09-14,Item_7,2,93.06142387519704,Monthly,5
2,Customer2,Last2,Female,1991-09-28,2021-08-01,2020-08-31,Item_17,4,82.67999324636156,Monthly,5
3,Customer3,Last3,Male,2004-02-03,2020-05-17,2020-07-14,Item_30,2,101.64771249480239,Monthly,3
3,Customer3,Last3,Male,2004-02-03,2020-05-17,2020-09-24,Item_22,1,43.096733949868195,Monthly,4
3,Customer3,Last3,Male,2004-02-03,2020-05-17,2020-02-18,Item_24,3,31.053512814163337,Daily,5
3,Customer3,Last3,Male,2004-02-03,2020-05-17,2020-02-24,Item_22,2,138.89197634247694,Daily,3
3,Customer3,Last3,Male,2004-02-03,2020-05-17,2021-01-21,Item_17,3,123.88010347595743,Weekly,1
3,Customer3,Last3,Male,2004-02-03,2020-05-17,2020-11-19,Item_36,3,31.26782613409076,Monthly,3
3,Customer3,Last3,Male,2004-02-03,2020-05-17,2021-07-11,Item_14,3,69.83472183646386,Weekly,4
4,Customer4,Last4,Male,2019-01-10,2021-06-23,2021-10-13,Item_35,2,13.328038263791825,Daily,1
4,Customer4,Last4,Male,2019-01-10,2021-06-23,2020-03-19,Item_50,1,10.234969154287795,Weekly,5
4,Customer4,Last4,Male,2019-01-10,2021-06-23,2021-11-20,Item_26,1,43.89079101839267,Daily,5
4,Customer4,Last4,Male,2019-01-10,2021-06-23,2020-03-02,Item_35,2,69.50077901528365,Monthly,4
4,Customer4,Last4,Male,2019-01-10,2021-06-23,2021-11-02,Item_10,2,15.57919022945454,Daily,2
5,Customer5,Last5,Male,1992-03-26,2021-03-19,2021-05-24,Item_23,4,164.99224226581336,Daily,5
5,Customer5,Last5,Male,1992-03-26,2021-03-19,2020-03-24,Item_11,3,174.28547450667935,Weekly,2
5,Customer5,Last5,Male,1992-03-26,2021-03-19,2021-03-24,Item_30,4,27.81381492265576,Monthly,4
5,Customer5,Last5,Male,1992-03-26,2021-03-19,2020-12-19,Item_7,2,116.77864101869329,Monthly,2
5,Customer5,Last5,Male,1992-03-26,2021-03-19,2020-12-16,Item_29,2,198.4310972618894,Daily,3
5,Customer5,Last5,Male,1992-03-26,2021-03-19,2020-07-17,Item_39,2,60.02999891310802,Daily,3
6,Customer6,Last6,Female,1998-05-14,2021-09-14,2021-05-06,Item_23,4,188.76631770423234,Monthly,3
6,Customer6,Last6,Female,1998-05-14,2021-09-14,2021-04-20,Item_9,1,31.33782543813164,Monthly,2
6,Customer6,Last6,Female,1998-05-14,2021-09-14,2020-01-09,Item_8,1,169.5931562536147,Daily,3
6,Customer6,Last6,Female,1998-05-14,2021-09-14,2021-10-30,Item_33,2,92.6842758585178,Weekly,1
6,Customer6,Last6,Female,1998-05-14,2021-09-14,2021-09-10,Item_20,1,132.1081849577605,Daily,5
6,Customer6,Last6,Female,1998-05-14,2021-09-14,2020-10-07,Item_14,4,34.66702530082634,Monthly,4
7,Customer7,Last7,Male,2011-06-11,2021-07-15,2021-08-13,Item_10,2,124.35252289578162,Daily,4
7,Customer7,Last7,Male,2011-06-11,2021-07-15,2020-01-19,Item_10,1,47.782692777306224,Monthly,2
7,Customer7,Last7,Male,2011-06-11,2021-07-15,2020-10-27,Item_17,1,159.52432563435661,Daily,1
8,Customer8,Last8,Male,2014-09-27,2021-11-11,2021-03-23,Item_44,3,37.27304878748464,Monthly,3
8,Customer8,Last8,Male,2014-09-27,2021-11-11,2021-09-27,Item_37,1,166.25474957524102,Daily,3
8,Customer8,Last8,Male,2014-09-27,2021-11-11,2021-06-09,Item_16,2,45.19340484400784,Daily,5
8,Customer8,Last8,Male,2014-09-27,2021-11-11,2020-08-16,Item_48,1,105.21906984458185,Weekly,2
8,Customer8,Last8,Male,2014-09-27,2021-11-11,2020-04-05,Item_37,1,12.415829097509768,Daily,2
8,Customer8,Last8,Male,2014-09-27,2021-11-11,2020-07-25,Item_31,4,185.29838103668004,Weekly,2
8,Customer8,Last8,Male,2014-09-27,2021-11-11,2021-11-30,Item_30,2,53.207804213661994,Daily,4
8,Customer8,Last8,Male,2014-09-27,2021-11-11,2020-09-07,Item_47,2,47.16576187845786,Weekly,2
9,Customer9,Last9,Male,2011-01-18,2020-02-09,2020-01-13,Item_34,2,133.90341665078319,Weekly,3
9,Customer9,Last9,Male,2011-01-18,2020-02-09,2021-05-06,Item_29,3,91.76406372669503,Monthly,3
9,Customer9,Last9,Male,2011-01-18,2020-02-09,2021-09-11,Item_1,3,127.60015667146709,Daily,2
9,Customer9,Last9,Male,2011-01-18,2020-02-09,2021-02-21,Item_45,3,21.22783911486812,Daily,3
10,Customer10,Last10,Female,1991-08-25,2021-11-07,2020-09-09,Item_23,2,94.80694672755202,Weekly,5
10,Customer10,Last10,Female,1991-08-25,2021-11-07,2021-05-18,Item_39,4,151.25051935455576,Weekly,5
10,Customer10,Last10,Female,1991-08-25,2021-11-07,2020-08-25,Item_45,2,134.50365784141505,Daily,3
11,Customer11,Last11,Male,2009-01-26,2021-04-01,2021-06-25,Item_25,3,78.23869563658398,Daily,1
11,Customer11,Last11,Male,2009-01-26,2021-04-01,2021-07-11,Item_45,3,150.9252916874567,Monthly,5
11,Customer11,Last11,Male,2009-01-26,2021-04-01,2021-10-03,Item_40,3,129.36524098802346,Daily,1
12,Customer12,Last12,Male,1996-12-14,2020-05-06,2020-02-26,Item_37,3,180.28204751015727,Weekly,5
12,Customer12,Last12,Male,1996-12-14,2020-05-06,2020-12-23,Item_14,2,21.99071628503853,Weekly,2
12,Customer12,Last12,Male,1996-12-14,2020-05-06,2020-03-15,Item_25,4,189.0535336294243,Weekly,3
12,Customer12,Last12,Male,1996-12-14,2020-05-06,2020-03-10,Item_2,3,100.86446437913374,Monthly,5
12,Customer12,Last12,Male,1996-12-14,2020-05-06,2021-10-15,Item_5,4,81.43864908884917,Daily,3
12,Customer12,Last12,Male,1996-12-14,2020-05-06,2021-12-24,Item_28,3,71.20052080354525,Monthly,4
12,Customer12,Last12,Male,1996-12-14,2020-05-06,2020-10-08,Item_11,2,177.6057667135914,Monthly,4
13,Customer13,Last13,Male,2007-08-28,2021-01-24,2020-07-01,Item_28,3,97.79848524547552,Monthly,1
13,Customer13,Last13,Male,2007-08-28,2021-01-24,2021-10-10,Item_40,4,110.05852148110232,Weekly,1
13,Customer13,Last13,Male,2007-08-28,2021-01-24,2021-09-19,Item_28,3,156.289493047819,Monthly,4
13,Customer13,Last13,Male,2007-08-28,2021-01-24,2020-10-25,Item_13,3,25.19342492826737,Weekly,2
13,Customer13,Last13,Male,2007-08-28,2021-01-24,2020-01-08,Item_45,2,114.97758680871779,Monthly,3
13,Customer13,Last13,Male,2007-08-28,2021-01-24,2020-12-24,Item_8,1,50.95067507035305,Weekly,5
14,Customer14,Last14,Male,2012-02-16,2021-06-01,2021-02-19,Item_26,3,31.651760595720262,Monthly,2
14,Customer14,Last14,Male,2012-02-16,2021-06-01,2021-06-29,Item_37,4,170.91455833682636,Daily,2
14,Customer14,Last14,Male,2012-02-16,2021-06-01,2020-09-17,Item_24,3,173.77751259681173,Weekly,4
14,Customer14,Last14,Male,2012-02-16,2021-06-01,2021-02-14,Item_41,1,130.66693012284657,Monthly,4
14,Customer14,Last14,Male,2012-02-16,2021-06-01,2021-10-13,Item_6,2,128.97347260269626,Daily,2
15,Customer15,Last15,Female,2005-02-21,2020-12-29,2021-04-23,Item_5,4,161.95840813056412,Daily,1
15,Customer15,Last15,Female,2005-02-21,2020-12-29,2020-07-28,Item_32,3,113.52107422605798,Daily,1
16,Customer16,Last16,Male,2014-04-10,2020-12-02,2020-05-08,Item_43,4,74.8071046501019,Daily,1
16,Customer16,Last16,Male,2014-04-10,2020-12-02,2020-06-01,Item_45,3,67.16209058711846,Monthly,1
16,Customer16,Last16,Male,2014-04-10,2020-12-02,2020-06-29,Item_30,2,83.84403173967094,Monthly,4
17,Customer17,Last17,Female,1993-03-22,2021-12-12,2020-02-13,Item_25,1,156.01867925952033,Weekly,2
17,Customer17,Last17,Female,1993-03-22,2021-12-12,2021-02-13,Item_32,4,12.786740838790124,Monthly,1
17,Customer17,Last17,Female,1993-03-22,2021-12-12,2021-12-06,Item_48,1,176.4599865936281,Weekly,1
17,Customer17,Last17,Female,1993-03-22,2021-12-12,2020-05-08,Item_21,4,52.8528526858892,Weekly,4
17,Customer17,Last17,Female,1993-03-22,2021-12-12,2021-02-19,Item_18,1,40.707764144315576,Weekly,4
17,Customer17,Last17,Female,1993-03-22,2021-12-12,2020-02-29,Item_26,1,163.40524576459075,Weekly,1
18,Customer18,Last18,Female,2005-03-31,2021-04-15,2020-08-08,Item_33,4,93.25274581827766,Daily,1
18,Customer18,Last18,Female,2005-03-31,2021-04-15,2020-09-20,Item_50,2,104.47862675979076,Daily,1
19,Customer19,Last19,Female,1993-10-30,2020-02-26,2021-03-12,Item_35,2,38.44375391182197,Daily,3
19,Customer19,Last19,Female,1993-10-30,2020-02-26,2020-02-16,Item_32,3,117.24380722898768,Weekly,5
19,Customer19,Last19,Female,1993-10-30,2020-02-26,2020-06-13,Item_42,3,58.081102232149064,Monthly,5
19,Customer19,Last19,Female,1993-10-30,2020-02-26,2020-11-18,Item_8,2,178.98427406448042,Daily,2
19,Customer19,Last19,Female,1993-10-30,2020-02-26,2020-11-15,Item_20,4,146.62471499723256,Weekly,1
20,Customer20,Last20,Male,2008-07-09,2021-09-29,2020-07-20,Item_13,2,145.94327234886214,Weekly,3
20,Customer20,Last20,Male,2008-07-09,2021-09-29,2020-08-18,Item_33,4,100.86850596942551,Weekly,4
20,Customer20,Last20,Male,2008-07-09,2021-09-29,2021-02-03,Item_24,4,89.82255829106775,Daily,4
21,Customer21,Last21,Female,2009-12-02,2021-09-01,2020-05-18,Item_50,3,131.6005636990136,Daily,1
21,Customer21,Last21,Female,2009-12-02,2021-09-01,2021-12-31,Item_43,4,40.85255998584097,Daily,1
21,Customer21,Last21,Female,2009-12-02,2021-09-01,2020-10-26,Item_9,4,118.87787149686137,Daily,2
21,Customer21,Last21,Female,2009-12-02,2021-09-01,2020-10-01,Item_36,3,127.74289363788898,Monthly,4
21,Customer21,Last21,Female,2009-12-02,2021-09-01,2020-03-20,Item_2,3,16.342884339412432,Daily,4
22,Customer22,Last22,Male,2010-05-15,2021-05-20,2021-12-05,Item_5,1,58.30267018052372,Weekly,3
22,Customer22,Last22,Male,2010-05-15,2021-05-20,2020-12-04,Item_9,4,156.7983182153827,Monthly,2
22,Customer22,Last22,Male,2010-05-15,2021-05-20,2021-10-01,Item_42,2,26.42067604488383,Weekly,5
23,Customer23,Last23,Female,2008-08-11,2020-05-22,2021-10-06,Item_23,2,43.9047333932767,Monthly,1
23,Customer23,Last23,Female,2008-08-11,2020-05-22,2021-02-15,Item_38,1,199.14129323380882,Daily,1
23,Customer23,Last23,Female,2008-08-11,2020-05-22,2020-12-03,Item_26,3,157.5774897896216,Monthly,4
23,Customer23,Last23,Female,2008-08-11,2020-05-22,2020-12-24,Item_25,1,169.97437058437467,Weekly,3
24,Customer24,Last24,Female,1992-11-14,2020-07-26,2021-01-03,Item_1,2,40.7177833878925,Weekly,3
24,Customer24,Last24,Female,1992-11-14,2020-07-26,2021-05-28,Item_10,3,76.2289967759744,Monthly,5
24,Customer24,Last24,Female,1992-11-14,2020-07-26,2020-01-03,Item_22,2,133.3241851709347,Monthly,2
24,Customer24,Last24,Female,1992-11-14,2020-07-26,2020-06-12,Item_3,2,196.43491112541773,Weekly,5
25,Customer25,Last25,Female,2008-08-10,2020-11-02,2020-01-07,Item_32,3,181.26137342180442,Weekly,5
25,Customer25,Last25,Female,2008-08-10,2020-11-02,2021-10-26,Item_48,1,43.01299317583596,Monthly,1
25,Customer25,Last25,Female,2008-08-10,2020-11-02,2020-12-24,Item_24,1,16.89464829656541,Daily,4
25,Customer25,Last25,Female,2008-08-10,2020-11-02,2021-11-07,Item_47,3,152.63860632987596,Monthly,1
25,Customer25,Last25,Female,2008-08-10,2020-11-02,2020-11-06,Item_2,2,27.888862923882602,Daily,4
26,Customer26,Last26,Female,2016-11-27,2021-07-14,2020-12-21,Item_15,2,170.9617986607891,Monthly,1
26,Customer26,Last26,Female,2016-11-27,2021-07-14,2020-06-27,Item_16,1,62.801398477284884,Daily,3
26,Customer26,Last26,Female,2016-11-27,2021-07-14,2021-09-03,Item_23,1,46.326233278309914,Weekly,4
26,Customer26,Last26,Female,2016-11-27,2021-07-14,2021-02-24,Item_10,3,139.91328005963808,Weekly,1
26,Customer26,Last26,Female,2016-11-27,2021-07-14,2021-05-15,Item_10,3,180.42200678047152,Weekly,1
26,Customer26,Last26,Female,2016-11-27,2021-07-14,2020-10-01,Item_22,2,133.8169045542209,Weekly,3
27,Customer27,Last27,Female,1992-08-18,2020-04-08,2020-05-28,Item_30,3,37.72519406667764,Weekly,1
27,Customer27,Last27,Female,1992-08-18,2020-04-08,2020-07-31,Item_18,2,188.56576046609993,Daily,3
27,Customer27,Last27,Female,1992-08-18,2020-04-08,2021-05-07,Item_36,2,149.25079448485494,Monthly,2
27,Customer27,Last27,Female,1992-08-18,2020-04-08,2021-10-22,Item_24,2,60.54366282102234,Monthly,1
27,Customer27,Last27,Female,1992-08-18,2020-04-08,2021-05-12,Item_46,3,69.07649670143529,Daily,5
28,Customer28,Last28,Female,1998-06-07,2020-03-27,2020-01-15,Item_22,4,116.09840779080761,Daily,5
28,Customer28,Last28,Female,1998-06-07,2020-03-27,2020-09-21,Item_6,3,197.02676740655176,Monthly,5
28,Customer28,Last28,Female,1998-06-07,2020-03-27,2021-05-20,Item_43,3,38.420322106837496,Monthly,5
28,Customer28,Last28,Female,1998-06-07,2020-03-27,2021-01-22,Item_46,1,39.67113051051305,Weekly,3
28,Customer28,Last28,Female,1998-06-07,2020-03-27,2021-02-22,Item_27,1,24.179664724045523,Weekly,1
28,Customer28,Last28,Female,1998-06-07,2020-03-27,2020-11-15,Item_24,2,195.89548297211323,Daily,5
28,Customer28,Last28,Female,1998-06-07,2020-03-27,2021-10-17,Item_43,3,91.43980392439039,Monthly,3
28,Customer28,Last28,Female,1998-06-07,2020-03-27,2021-05-24,Item_41,3,13.409678928013449,Monthly,3
29,Customer29,Last29,Female,1991-09-21,2020-02-24,2021-04-11,Item_35,1,193.82714008661776,Daily,3
29,Customer29,Last29,Female,1991-09-21,2020-02-24,2020-09-26,Item_13,4,168.05399151777019,Weekly,4
29,Customer29,Last29,Female,1991-09-21,2020-02-24,2020-03-12,Item_29,4,166.8043605642504,Monthly,1
29,Customer29,Last29,Female,1991-09-21,2020-02-24,2020-09-02,Item_15,4,56.260813996924774,Weekly,2
29,Customer29,Last29,Female,1991-09-21,2020-02-24,2020-09-23,Item_3,2,121.43102751585432,Weekly,3
30,Customer30,Last30,Female,1999-02-17,2020-07-12,2020-09-03,Item_29,4,195.19297185543107,Monthly,2
30,Customer30,Last30,Female,1999-02-17,2020-07-12,2021-05-25,Item_2,2,45.786325915464275,Weekly,1
30,Customer30,Last30,Female,1999-02-17,2020-07-12,2020-10-29,Item_47,2,187.92534303789552,Weekly,1
30,Customer30,Last30,Female,1999-02-17,2020-07-12,2020-10-14,Item_17,4,30.12683538611366,Daily,2
30,Customer30,Last30,Female,1999-02-17,2020-07-12,2020-01-13,Item_15,1,104.2716129815117,Monthly,4
30,Customer30,Last30,Female,1999-02-17,2020-07-12,2020-06-28,Item_15,4,117.45449333507368,Monthly,1
30,Customer30,Last30,Female,1999-02-17,2020-07-12,2021-04-18,Item_22,4,51.504204747828354,Daily,2
31,Customer31,Last31,Male,2009-06-24,2020-02-11,2021-03-16,Item_14,1,71.37212769338063,Weekly,3
32,Customer32,Last32,Male,2001-04-10,2020-07-06,2020-01-31,Item_20,2,129.73966218253742,Monthly,4
32,Customer32,Last32,Male,2001-04-10,2020-07-06,2020-12-26,Item_13,3,101.04481359428398,Daily,2
32,Customer32,Last32,Male,2001-04-10,2020-07-06,2021-08-13,Item_23,3,83.6579830025749,Daily,3
32,Customer32,Last32,Male,2001-04-10,2020-07-06,2020-10-24,Item_44,1,110.95013890793123,Weekly,3
33,Customer33,Last33,Female,2010-02-02,2021-07-29,2021-08-10,Item_1,3,53.91487336125286,Daily,2
33,Customer33,Last33,Female,2010-02-02,2021-07-29,2020-01-07,Item_49,4,140.33386983676698,Monthly,4
33,Customer33,Last33,Female,2010-02-02,2021-07-29,2020-07-16,Item_47,1,81.91052046231512,Weekly,5
33,Customer33,Last33,Female,2010-02-02,2021-07-29,2020-02-15,Item_20,1,58.83898062209518,Daily,2
33,Customer33,Last33,Female,2010-02-02,2021-07-29,2021-03-24,Item_14,1,176.65630388716676,Daily,2
33,Customer33,Last33,Female,2010-02-02,2021-07-29,2021-01-20,Item_32,4,42.082299268760366,Weekly,2
34,Customer34,Last34,Female,1998-11-08,2020-03-14,2020-07-15,Item_40,1,36.937134770149356,Daily,2
34,Customer34,Last34,Female,1998-11-08,2020-03-14,2020-10-17,Item_26,2,26.865804880476006,Monthly,4
34,Customer34,Last34,Female,1998-11-08,2020-03-14,2020-08-17,Item_21,4,86.44215369044564,Weekly,5
34,Customer34,Last34,Female,1998-11-08,2020-03-14,2021-08-08,Item_2,3,101.37214014308324,Daily,1
34,Customer34,Last34,Female,1998-11-08,2020-03-14,2020-10-13,Item_46,1,159.66547295026464,Weekly,3
34,Customer34,Last34,Female,1998-11-08,2020-03-14,2020-10-23,Item_1,4,27.747514675306164,Monthly,1
35,Customer35,Last35,Female,2016-11-27,2020-08-03,2021-09-10,Item_49,2,56.38798518025111,Weekly,3
35,Customer35,Last35,Female,2016-11-27,2020-08-03,2021-10-20,Item_48,3,119.17160264037565,Monthly,1
35,Customer35,Last35,Female,2016-11-27,2020-08-03,2021-07-06,Item_50,2,140.20662306201595,Daily,3
35,Customer35,Last35,Female,2016-11-27,2020-08-03,2021-03-22,Item_43,3,34.2162522903451,Monthly,2
35,Customer35,Last35,Female,2016-11-27,2020-08-03,2021-12-18,Item_10,2,32.84697303721837,Daily,4
36,Customer36,Last36,Male,2004-07-27,2020-04-19,2021-12-27,Item_39,1,45.23718618856432,Daily,4
36,Customer36,Last36,Male,2004-07-27,2020-04-19,2020-02-21,Item_37,4,114.38870530178613,Monthly,1
36,Customer36,Last36,Male,2004-07-27,2020-04-19,2020-11-30,Item_31,4,167.5731569768439,Daily,1
36,Customer36,Last36,Male,2004-07-27,2020-04-19,2021-08-19,Item_8,1,24.519203293229772,Monthly,4
36,Customer36,Last36,Male,2004-07-27,2020-04-19,2020-10-02,Item_49,4,113.57005036953294,Weekly,2
36,Customer36,Last36,Male,2004-07-27,2020-04-19,2021-11-18,Item_45,2,196.15866699235917,Monthly,5
37,Customer37,Last37,Female,1991-01-18,2020-09-04,2021-03-13,Item_19,1,135.89804301158085,Weekly,3
37,Customer37,Last37,Female,1991-01-18,2020-09-04,2020-03-08,Item_17,3,119.66519497523215,Weekly,1
37,Customer37,Last37,Female,1991-01-18,2020-09-04,2020-11-25,Item_27,4,33.13476311380221,Daily,3
37,Customer37,Last37,Female,1991-01-18,2020-09-04,2020-05-21,Item_19,1,170.3100920172776,Daily,1
38,Customer38,Last38,Male,2019-01-07,2021-09-30,2021-01-17,Item_10,2,18.295714964398627,Weekly,5
38,Customer38,Last38,Male,2019-01-07,2021-09-30,2020-10-03,Item_40,1,75.10416274297391,Daily,3
38,Customer38,Last38,Male,2019-01-07,2021-09-30,2020-05-06,Item_42,2,149.38700770803936,Daily,2
38,Customer38,Last38,Male,2019-01-07,2021-09-30,2021-01-27,Item_32,4,74.55771959675816,Monthly,5
38,Customer38,Last38,Male,2019-01-07,2021-09-30,2021-09-20,Item_45,3,163.17721739072024,Daily,4
38,Customer38,Last38,Male,2019-01-07,2021-09-30,2021-08-31,Item_30,2,176.1030775862868,Monthly,1
39,Customer39,Last39,Male,2008-07-07,2020-05-11,2020-06-02,Item_40,3,123.00756110161785,Weekly,1
39,Customer39,Last39,Male,2008-07-07,2020-05-11,2020-09-17,Item_41,1,160.66165797507,Monthly,3
39,Customer39,Last39,Male,2008-07-07,2020-05-11,2021-04-05,Item_30,3,113.04909634615028,Monthly,3
39,Customer39,Last39,Male,2008-07-07,2020-05-11,2020-05-24,Item_24,2,46.16172393562288,Monthly,1
39,Customer39,Last39,Male,2008-07-07,2020-05-11,2021-02-11,Item_6,3,77.30488568450716,Weekly,5
39,Customer39,Last39,Male,2008-07-07,2020-05-11,2021-03-30,Item_43,4,95.617734778654,Daily,5
39,Customer39,Last39,Male,2008-07-07,2020-05-11,2021-03-23,Item_13,3,29.786098004854615,Monthly,3
39,Customer39,Last39,Male,2008-07-07,2020-05-11,2020-05-29,Item_15,1,33.98821873059656,Monthly,5
39,Customer39,Last39,Male,2008-07-07,2020-05-11,2021-07-31,Item_4,4,74.67711023641729,Weekly,5
40,Customer40,Last40,Male,1990-11-11,2020-05-21,2020-06-02,Item_31,1,199.44484984551573,Monthly,5
40,Customer40,Last40,Male,1990-11-11,2020-05-21,2020-01-08,Item_32,1,194.82750134949632,Daily,3
40,Customer40,Last40,Male,1990-11-11,2020-05-21,2021-08-14,Item_6,4,176.6797349369741,Daily,1
41,Customer41,Last41,Male,2002-04-05,2020-11-27,2020-01-29,Item_9,3,115.98451284710329,Monthly,5
42,Customer42,Last42,Male,2009-02-23,2021-11-19,2021-10-31,Item_32,2,157.44003933673162,Weekly,5
42,Customer42,Last42,Male,2009-02-23,2021-11-19,2020-01-27,Item_28,4,43.608557577332334,Weekly,5
42,Customer42,Last42,Male,2009-02-23,2021-11-19,2020-12-31,Item_44,3,153.9215581099893,Daily,1
42,Customer42,Last42,Male,2009-02-23,2021-11-19,2020-12-07,Item_39,2,123.77357631286337,Daily,4
43,Customer43,Last43,Female,2015-03-31,2020-08-23,2021-01-24,Item_49,3,154.27542230534453,Daily,4
43,Customer43,Last43,Female,2015-03-31,2020-08-23,2021-08-18,Item_23,2,55.42051311748047,Weekly,5
43,Customer43,Last43,Female,2015-03-31,2020-08-23,2021-09-18,Item_27,3,19.469985278758898,Daily,5
44,Customer44,Last44,Female,1992-03-23,2020-06-17,2020-11-09,Item_50,4,139.2867590082718,Weekly,3
44,Customer44,Last44,Female,1992-03-23,2020-06-17,2021-10-21,Item_31,3,106.84760688282265,Daily,1
44,Customer44,Last44,Female,1992-03-23,2020-06-17,2021-06-11,Item_42,3,107.7849414489672,Weekly,1
44,Customer44,Last44,Female,1992-03-23,2020-06-17,2020-01-30,Item_16,3,116.43462909123326,Weekly,4
44,Customer44,Last44,Female,1992-03-23,2020-06-17,2020-01-16,Item_40,2,165.6584699255776,Daily,4
45,Customer45,Last45,Female,2008-04-26,2021-10-28,2020-07-11,Item_1,3,133.78869869243027,Daily,3
45,Customer45,Last45,Female,2008-04-26,2021-10-28,2020-07-29,Item_3,1,189.13791686851974,Daily,5
45,Customer45,Last45,Female,2008-04-26,2021-10-28,2020-11-19,Item_2,1,196.1146596725338,Weekly,2
46,Customer46,Last46,Female,2014-09-04,2020-02-10,2020-08-28,Item_18,3,184.5487814287658,Monthly,3
46,Customer46,Last46,Female,2014-09-04,2020-02-10,2020-07-28,Item_42,4,124.94124531120276,Weekly,1
46,Customer46,Last46,Female,2014-09-04,2020-02-10,2020-01-11,Item_4,1,40.73520015690083,Daily,2
46,Customer46,Last46,Female,2014-09-04,2020-02-10,2020-03-31,Item_45,3,30.50930578282823,Weekly,1
46,Customer46,Last46,Female,2014-09-04,2020-02-10,2020-12-19,Item_18,2,167.29499131121284,Daily,2
47,Customer47,Last47,Female,1995-02-27,2020-07-05,2020-06-28,Item_33,4,122.77232813339796,Daily,2
47,Customer47,Last47,Female,1995-02-27,2020-07-05,2021-05-08,Item_20,1,23.287005084792483,Weekly,1
47,Customer47,Last47,Female,1995-02-27,2020-07-05,2021-10-09,Item_30,1,136.7965756288214,Monthly,5
47,Customer47,Last47,Female,1995-02-27,2020-07-05,2020-02-25,Item_25,3,33.794378382237156,Daily,4
47,Customer47,Last47,Female,1995-02-27,2020-07-05,2021-01-11,Item_44,1,75.05289084637383,Daily,3
47,Customer47,Last47,Female,1995-02-27,2020-07-05,2021-12-17,Item_21,3,166.7748268565619,Monthly,1
47,Customer47,Last47,Female,1995-02-27,2020-07-05,2021-10-12,Item_13,1,74.2699900131462,Daily,1
47,Customer47,Last47,Female,1995-02-27,2020-07-05,2021-08-27,Item_14,1,114.27934477681116,Weekly,1
47,Customer47,Last47,Female,1995-02-27,2020-07-05,2021-04-17,Item_20,4,46.33947940377147,Daily,4
48,Customer48,Last48,Male,2009-04-01,2021-10-10,2021-09-19,Item_7,3,86.95395182526109,Daily,1
48,Customer48,Last48,Male,2009-04-01,2021-10-10,2021-08-07,Item_7,2,173.0173882453141,Weekly,1
48,Customer48,Last48,Male,2009-04-01,2021-10-10,2020-05-21,Item_19,1,52.6932236248092,Weekly,3
48,Customer48,Last48,Male,2009-04-01,2021-10-10,2021-11-26,Item_21,1,195.93994460610077,Monthly,5
48,Customer48,Last48,Male,2009-04-01,2021-10-10,2021-03-27,Item_21,2,94.11622368811015,Weekly,3
48,Customer48,Last48,Male,2009-04-01,2021-10-10,2020-02-16,Item_29,1,146.80152753599148,Weekly,2
49,Customer49,Last49,Female,2010-01-09,2020-05-09,2020-11-11,Item_5,3,174.27567883145696,Weekly,1
49,Customer49,Last49,Female,2010-01-09,2020-05-09,2020-01-19,Item_19,4,166.40306296317544,Weekly,1
49,Customer49,Last49,Female,2010-01-09,2020-05-09,2021-01-01,Item_50,1,100.12386088218064,Daily,4
49,Customer49,Last49,Female,2010-01-09,2020-05-09,2021-06-18,Item_22,2,82.10555164119653,Daily,3
50,Customer50,Last50,Female,2014-03-07,2021-09-25,2021-04-22,Item_31,3,164.6155947807214,Weekly,2
50,Customer50,Last50,Female,2014-03-07,2021-09-25,2021-08-29,Item_1,4,14.357234140927986,Weekly,1
50,Customer50,Last50,Female,2014-03-07,2021-09-25,2020-05-16,Item_43,3,66.89426699345847,Daily,5
51,Customer51,Last51,Male,2006-09-05,2020-06-05,2020-11-04,Item_16,2,25.676621543680042,Monthly,1
51,Customer51,Last51,Male,2006-09-05,2020-06-05,2020-01-16,Item_43,1,33.89088724326328,Daily,5
51,Customer51,Last51,Male,2006-09-05,2020-06-05,2020-03-19,Item_36,4,127.2968339084651,Monthly,4
51,Customer51,Last51,Male,2006-09-05,2020-06-05,2020-09-29,Item_23,1,135.9779808550935,Monthly,3
51,Customer51,Last51,Male,2006-09-05,2020-06-05,2021-10-09,Item_6,1,41.40588108433316,Daily,4
51,Customer51,Last51,Male,2006-09-05,2020-06-05,2021-08-28,Item_27,1,172.08702844669358,Weekly,3
52,Customer52,Last52,Female,1999-04-26,2021-03-10,2021-05-09,Item_24,1,96.20179057500371,Monthly,4
52,Customer52,Last52,Female,1999-04-26,2021-03-10,2020-08-25,Item_44,1,33.601793678331276,Daily,1
52,Customer52,Last52,Female,1999-04-26,2021-03-10,2021-09-17,Item_47,4,15.584944693736386,Monthly,5
52,Customer52,Last52,Female,1999-04-26,2021-03-10,2021-11-20,Item_21,3,78.54677863101396,Daily,3
52,Customer52,Last52,Female,1999-04-26,2021-03-10,2021-03-09,Item_37,2,60.423607745756975,Monthly,3
52,Customer52,Last52,Female,1999-04-26,2021-03-10,2020-11-20,Item_45,1,150.59741347026625,Daily,4
53,Customer53,Last53,Male,2005-01-07,2021-02-16,2021-11-18,Item_14,3,147.71704637607107,Weekly,3
53,Customer53,Last53,Male,2005-01-07,2021-02-16,2020-03-20,Item_11,3,184.3729729425617,Weekly,1
53,Customer53,Last53,Male,2005-01-07,2021-02-16,2020-03-04,Item_12,2,147.62031923856563,Monthly,2
53,Customer53,Last53,Male,2005-01-07,2021-02-16,2020-05-29,Item_29,3,99.36062027933927,Weekly,5
53,Customer53,Last53,Male,2005-01-07,2021-02-16,2021-08-26,Item_31,1,188.09712590101424,Monthly,5
54,Customer54,Last54,Female,2009-03-22,2021-12-19,2020-08-03,Item_1,4,123.52041390006671,Daily,3
54,Customer54,Last54,Female,2009-03-22,2021-12-19,2020-05-11,Item_26,3,85.36535750527678,Daily,5
54,Customer54,Last54,Female,2009-03-22,2021-12-19,2020-08-20,Item_3,2,174.2010737580921,Daily,1
54,Customer54,Last54,Female,2009-03-22,2021-12-19,2020-03-11,Item_36,2,176.79932021785223,Weekly,2
54,Customer54,Last54,Female,2009-03-22,2021-12-19,2021-09-16,Item_23,2,45.071174612036266,Daily,4
54,Customer54,Last54,Female,2009-03-22,2021-12-19,2020-01-11,Item_42,4,39.76130302502358,Monthly,4
54,Customer54,Last54,Female,2009-03-22,2021-12-19,2020-11-13,Item_44,4,38.309949868356256,Weekly,1
55,Customer55,Last55,Male,2004-02-24,2021-04-03,2021-01-21,Item_38,3,132.85512355034342,Weekly,2
55,Customer55,Last55,Male,2004-02-24,2021-04-03,2020-11-22,Item_12,2,171.12908031484665,Weekly,4
55,Customer55,Last55,Male,2004-02-24,2021-04-03,2020-01-29,Item_45,4,102.21820680037855,Daily,5
56,Customer56,Last56,Female,2019-12-22,2021-04-04,2021-02-07,Item_15,1,88.3048767499266,Daily,2
56,Customer56,Last56,Female,2019-12-22,2021-04-04,2021-04-27,Item_37,1,126.2686960140929,Weekly,3
56,Customer56,Last56,Female,2019-12-22,2021-04-04,2021-03-28,Item_13,4,189.93683767035736,Daily,2
56,Customer56,Last56,Female,2019-12-22,2021-04-04,2021-08-11,Item_12,2,52.96793980208874,Daily,4
56,Customer56,Last56,Female,2019-12-22,2021-04-04,2020-02-17,Item_13,4,152.3639054121975,Monthly,3
57,Customer57,Last57,Female,2009-08-25,2021-09-27,2020-08-29,Item_8,3,84.92941152548654,Weekly,1
57,Customer57,Last57,Female,2009-08-25,2021-09-27,2021-08-16,Item_30,3,134.27440112067964,Weekly,4
57,Customer57,Last57,Female,2009-08-25,2021-09-27,2021-08-14,Item_4,3,151.72578967459816,Weekly,2
58,Customer58,Last58,Male,1999-09-07,2020-04-30,2021-07-11,Item_16,1,70.26718618542574,Monthly,1
58,Customer58,Last58,Male,1999-09-07,2020-04-30,2021-02-01,Item_1,1,146.3507993226396,Daily,3
58,Customer58,Last58,Male,1999-09-07,2020-04-30,2021-10-18,Item_31,4,85.98198929278968,Monthly,2
58,Customer58,Last58,Male,1999-09-07,2020-04-30,2020-07-22,Item_9,1,39.0669221574269,Weekly,4
58,Customer58,Last58,Male,1999-09-07,2020-04-30,2021-11-27,Item_42,3,58.80793105268582,Monthly,2
58,Customer58,Last58,Male,1999-09-07,2020-04-30,2021-01-11,Item_1,4,165.55965077411133,Weekly,5
58,Customer58,Last58,Male,1999-09-07,2020-04-30,2020-02-07,Item_39,2,17.22415116511643,Daily,5
58,Customer58,Last58,Male,1999-09-07,2020-04-30,2021-04-17,Item_48,3,25.69735605726105,Monthly,1
59,Customer59,Last59,Male,2012-10-17,2021-12-23,2020-04-04,Item_22,2,71.19799342167371,Daily,3
59,Customer59,Last59,Male,2012-10-17,2021-12-23,2021-09-18,Item_1,1,134.9364594278244,Daily,5
59,Customer59,Last59,Male,2012-10-17,2021-12-23,2020-02-07,Item_9,4,41.54651954907713,Daily,4
60,Customer60,Last60,Male,2006-01-31,2021-10-30,2020-10-21,Item_43,4,88.47592318306243,Weekly,1
60,Customer60,Last60,Male,2006-01-31,2021-10-30,2021-01-04,Item_41,1,56.753235171619664,Monthly,5
60,Customer60,Last60,Male,2006-01-31,2021-10-30,2021-11-26,Item_15,4,90.66021078730876,Daily,2
60,Customer60,Last60,Male,2006-01-31,2021-10-30,2021-04-18,Item_35,2,130.85344510866676,Weekly,4
60,Customer60,Last60,Male,2006-01-31,2021-10-30,2021-04-15,Item_17,2,169.49757280514572,Monthly,5
60,Customer60,Last60,Male,2006-01-31,2021-10-30,2020-04-04,Item_13,2,95.47001951478626,Weekly,3
61,Customer61,Last61,Male,2008-12-04,2021-08-03,2021-06-15,Item_6,1,135.71014657051788,Daily,2
61,Customer61,Last61,Male,2008-12-04,2021-08-03,2020-06-05,Item_14,2,162.4048060442416,Weekly,1
61,Customer61,Last61,Male,2008-12-04,2021-08-03,2020-06-14,Item_35,3,195.43826142377057,Daily,1
61,Customer61,Last61,Male,2008-12-04,2021-08-03,2020-04-18,Item_25,4,60.94641381814754,Monthly,1
61,Customer61,Last61,Male,2008-12-04,2021-08-03,2020-03-16,Item_41,3,156.65296797450804,Weekly,4
61,Customer61,Last61,Male,2008-12-04,2021-08-03,2021-01-05,Item_5,3,89.41808743539202,Weekly,1
62,Customer62,Last62,Male,2000-06-08,2021-08-04,2021-08-02,Item_17,3,71.92583815089424,Weekly,1
62,Customer62,Last62,Male,2000-06-08,2021-08-04,2020-05-30,Item_21,3,111.50601913552457,Weekly,3
62,Customer62,Last62,Male,2000-06-08,2021-08-04,2020-06-25,Item_32,2,137.37323708733834,Weekly,2
62,Customer62,Last62,Male,2000-06-08,2021-08-04,2020-01-24,Item_49,3,111.71803935010557,Daily,1
62,Customer62,Last62,Male,2000-06-08,2021-08-04,2020-02-16,Item_41,1,171.7752411347404,Weekly,1
62,Customer62,Last62,Male,2000-06-08,2021-08-04,2021-10-17,Item_22,4,32.352357750271786,Daily,1
62,Customer62,Last62,Male,2000-06-08,2021-08-04,2021-09-29,Item_31,1,184.4595199283273,Monthly,5
62,Customer62,Last62,Male,2000-06-08,2021-08-04,2020-11-13,Item_34,3,82.50626857476801,Daily,3
62,Customer62,Last62,Male,2000-06-08,2021-08-04,2021-02-10,Item_48,1,24.105765867793423,Weekly,1
63,Customer63,Last63,Male,1996-10-02,2020-05-12,2021-03-07,Item_21,1,27.32125317717642,Weekly,5
63,Customer63,Last63,Male,1996-10-02,2020-05-12,2021-07-03,Item_42,3,186.62511671017793,Weekly,3
63,Customer63,Last63,Male,1996-10-02,2020-05-12,2020-08-27,Item_44,4,155.66466568807715,Monthly,5
63,Customer63,Last63,Male,1996-10-02,2020-05-12,2020-03-23,Item_41,1,46.85123478087722,Weekly,1
63,Customer63,Last63,Male,1996-10-02,2020-05-12,2020-11-03,Item_18,2,14.186680456525796,Weekly,5
63,Customer63,Last63,Male,1996-10-02,2020-05-12,2020-06-18,Item_27,3,154.25725928156015,Monthly,5
64,Customer64,Last64,Male,2011-05-24,2021-04-01,2020-12-10,Item_39,1,108.83619941779534,Weekly,1
64,Customer64,Last64,Male,2011-05-24,2021-04-01,2021-04-07,Item_40,1,150.23313343431826,Monthly,1
64,Customer64,Last64,Male,2011-05-24,2021-04-01,2020-07-23,Item_20,3,166.94741981664865,Monthly,4
64,Customer64,Last64,Male,2011-05-24,2021-04-01,2020-10-23,Item_34,3,196.54175171951925,Monthly,4
65,Customer65,Last65,Male,2017-03-04,2021-10-01,2021-10-31,Item_19,3,109.03448517221352,Monthly,2
65,Customer65,Last65,Male,2017-03-04,2021-10-01,2021-06-05,Item_4,1,53.19788701825877,Monthly,3
65,Customer65,Last65,Male,2017-03-04,2021-10-01,2020-05-26,Item_46,2,191.68221622330017,Monthly,3
65,Customer65,Last65,Male,2017-03-04,2021-10-01,2020-08-04,Item_26,2,40.56115305197178,Daily,3
65,Customer65,Last65,Male,2017-03-04,2021-10-01,2020-05-12,Item_18,3,87.5782051242957,Monthly,5
66,Customer66,Last66,Female,2004-11-21,2020-07-16,2021-06-05,Item_38,4,52.852627064309736,Daily,1
66,Customer66,Last66,Female,2004-11-21,2020-07-16,2021-02-13,Item_20,3,47.4592840488467,Daily,2
66,Customer66,Last66,Female,2004-11-21,2020-07-16,2021-09-05,Item_40,3,149.74606523263213,Monthly,4
66,Customer66,Last66,Female,2004-11-21,2020-07-16,2021-05-11,Item_29,4,140.50358955825553,Daily,1
67,Customer67,Last67,Female,2001-10-16,2021-11-10,2020-04-14,Item_3,2,155.3862642655991,Monthly,2
67,Customer67,Last67,Female,2001-10-16,2021-11-10,2021-08-12,Item_23,2,175.0911188527085,Monthly,2
67,Customer67,Last67,Female,2001-10-16,2021-11-10,2020-01-28,Item_6,2,32.35331540997614,Monthly,4
67,Customer67,Last67,Female,2001-10-16,2021-11-10,2020-04-10,Item_24,1,84.23838946658651,Monthly,4
68,Customer68,Last68,Male,1990-01-04,2020-06-01,2021-06-04,Item_6,3,72.51331318478582,Weekly,1
68,Customer68,Last68,Male,1990-01-04,2020-06-01,2021-10-21,Item_8,2,33.36445362062908,Monthly,3
68,Customer68,Last68,Male,1990-01-04,2020-06-01,2020-10-19,Item_42,4,75.29600659572958,Weekly,5
68,Customer68,Last68,Male,1990-01-04,2020-06-01,2020-02-01,Item_48,1,26.564098888047923,Daily,1
69,Customer69,Last69,Female,2000-08-04,2020-05-21,2021-01-01,Item_30,4,13.963616465392239,Monthly,1
69,Customer69,Last69,Female,2000-08-04,2020-05-21,2021-07-21,Item_11,2,182.04971054263802,Daily,3
69,Customer69,Last69,Female,2000-08-04,2020-05-21,2020-02-03,Item_28,4,137.22449706545274,Weekly,2
69,Customer69,Last69,Female,2000-08-04,2020-05-21,2021-02-23,Item_28,2,73.37821439971808,Monthly,2
69,Customer69,Last69,Female,2000-08-04,2020-05-21,2021-10-20,Item_42,3,166.1432243412065,Daily,4
69,Customer69,Last69,Female,2000-08-04,2020-05-21,2020-07-21,Item_23,1,53.48997492085659,Weekly,4
69,Customer69,Last69,Female,2000-08-04,2020-05-21,2020-02-18,Item_39,4,97.72923458635262,Monthly,2
69,Customer69,Last69,Female,2000-08-04,2020-05-21,2020-12-16,Item_47,3,53.07877275546703,Daily,4
70,Customer70,Last70,Female,2001-01-16,2021-01-12,2020-11-19,Item_42,4,48.67987326502611,Daily,3
70,Customer70,Last70,Female,2001-01-16,2021-01-12,2020-07-18,Item_26,4,173.28900072331194,Weekly,1
70,Customer70,Last70,Female,2001-01-16,2021-01-12,2020-01-14,Item_49,4,63.07986564759611,Weekly,1
70,Customer70,Last70,Female,2001-01-16,2021-01-12,2020-12-10,Item_46,3,149.16525904923705,Weekly,4
70,Customer70,Last70,Female,2001-01-16,2021-01-12,2021-06-07,Item_48,2,149.20069459315823,Weekly,5
70,Customer70,Last70,Female,2001-01-16,2021-01-12,2020-10-11,Item_38,2,109.83263338368164,Daily,4
71,Customer71,Last71,Female,2000-09-03,2020-03-13,2020-10-14,Item_33,2,123.68218037326112,Daily,5
71,Customer71,Last71,Female,2000-09-03,2020-03-13,2021-06-19,Item_21,4,135.15150777941426,Monthly,4
72,Customer72,Last72,Female,1994-01-09,2020-09-22,2020-11-09,Item_6,4,147.44690546633439,Daily,1
72,Customer72,Last72,Female,1994-01-09,2020-09-22,2020-04-16,Item_14,1,116.24511329757203,Weekly,1
72,Customer72,Last72,Female,1994-01-09,2020-09-22,2020-07-05,Item_6,3,72.77752073639704,Weekly,4
73,Customer73,Last73,Male,1990-07-19,2020-01-18,2021-08-04,Item_38,1,147.7795882347118,Daily,4
73,Customer73,Last73,Male,1990-07-19,2020-01-18,2021-03-10,Item_9,1,54.224997949244866,Monthly,1
74,Customer74,Last74,Female,1998-10-30,2021-10-01,2021-09-09,Item_25,3,75.80113603191067,Monthly,3
74,Customer74,Last74,Female,1998-10-30,2021-10-01,2021-08-26,Item_50,3,71.46507503318001,Daily,3
74,Customer74,Last74,Female,1998-10-30,2021-10-01,2020-01-25,Item_12,1,114.51746868704964,Daily,5
74,Customer74,Last74,Female,1998-10-30,2021-10-01,2020-11-01,Item_40,1,172.01832377638513,Weekly,3
75,Customer75,Last75,Male,2005-11-23,2021-08-24,2020-08-28,Item_30,3,134.82693293725367,Monthly,2
75,Customer75,Last75,Male,2005-11-23,2021-08-24,2020-04-06,Item_10,3,72.86897896794267,Daily,1
75,Customer75,Last75,Male,2005-11-23,2021-08-24,2021-09-06,Item_26,3,14.349826745462847,Monthly,2
75,Customer75,Last75,Male,2005-11-23,2021-08-24,2021-08-21,Item_42,3,120.60816365819473,Daily,4
75,Customer75,Last75,Male,2005-11-23,2021-08-24,2020-11-29,Item_20,2,54.812943837300544,Weekly,3
75,Customer75,Last75,Male,2005-11-23,2021-08-24,2021-08-03,Item_5,2,193.87361664964388,Daily,1
75,Customer75,Last75,Male,2005-11-23,2021-08-24,2020-10-31,Item_42,4,27.67579242740517,Daily,5
76,Customer76,Last76,Female,1995-09-28,2020-09-17,2021-11-28,Item_33,2,123.19263835590178,Weekly,5
76,Customer76,Last76,Female,1995-09-28,2020-09-17,2021-06-05,Item_20,1,66.49745916499938,Monthly,3
76,Customer76,Last76,Female,1995-09-28,2020-09-17,2020-05-16,Item_27,4,46.042021153188664,Daily,3
76,Customer76,Last76,Female,1995-09-28,2020-09-17,2020-07-14,Item_39,1,193.58624803429166,Monthly,4
77,Customer77,Last77,Female,2003-08-26,2021-12-25,2020-07-18,Item_22,4,30.205307988597173,Daily,3
78,Customer78,Last78,Female,1998-02-07,2020-08-30,2021-05-18,Item_43,4,158.27595746798215,Monthly,2
78,Customer78,Last78,Female,1998-02-07,2020-08-30,2020-01-10,Item_9,4,103.95141494606766,Monthly,5
78,Customer78,Last78,Female,1998-02-07,2020-08-30,2021-10-26,Item_20,4,36.78232922913616,Daily,5
78,Customer78,Last78,Female,1998-02-07,2020-08-30,2020-02-13,Item_15,2,162.4473225402602,Weekly,4
78,Customer78,Last78,Female,1998-02-07,2020-08-30,2020-07-31,Item_28,4,63.92740493446885,Daily,2
79,Customer79,Last79,Male,1994-09-17,2021-05-24,2020-03-18,Item_7,1,43.8679687118819,Daily,2
79,Customer79,Last79,Male,1994-09-17,2021-05-24,2020-07-27,Item_29,3,48.557909839231414,Weekly,2
79,Customer79,Last79,Male,1994-09-17,2021-05-24,2021-06-15,Item_32,4,166.36210478208235,Monthly,2
79,Customer79,Last79,Male,1994-09-17,2021-05-24,2021-01-03,Item_16,1,197.73245766402707,Monthly,5
80,Customer80,Last80,Female,2019-09-09,2020-02-13,2020-01-28,Item_24,2,100.22844326618154,Monthly,2
80,Customer80,Last80,Female,2019-09-09,2020-02-13,2021-11-09,Item_49,3,58.528562090191706,Weekly,5
80,Customer80,Last80,Female,2019-09-09,2020-02-13,2020-06-29,Item_22,1,20.883247704748438,Weekly,5
81,Customer81,Last81,Male,1990-06-02,2021-03-27,2021-02-21,Item_48,1,158.85031792890678,Daily,1
81,Customer81,Last81,Male,1990-06-02,2021-03-27,2021-06-30,Item_35,2,117.64931881256953,Monthly,5
81,Customer81,Last81,Male,1990-06-02,2021-03-27,2021-07-29,Item_22,1,143.04787229445898,Daily,3
81,Customer81,Last81,Male,1990-06-02,2021-03-27,2020-07-12,Item_50,2,26.879646566637234,Weekly,5
82,Customer82,Last82,Female,2015-05-14,2020-11-09,2021-01-28,Item_12,4,134.45177437810062,Daily,2
82,Customer82,Last82,Female,2015-05-14,2020-11-09,2021-01-14,Item_44,4,144.0232628813187,Monthly,4
82,Customer82,Last82,Female,2015-05-14,2020-11-09,2021-07-12,Item_13,1,193.37465100412933,Monthly,3
82,Customer82,Last82,Female,2015-05-14,2020-11-09,2021-01-10,Item_35,2,131.13512024934366,Monthly,2
83,Customer83,Last83,Male,2002-01-13,2021-11-10,2020-09-05,Item_40,1,43.775613691737156,Weekly,2
83,Customer83,Last83,Male,2002-01-13,2021-11-10,2021-10-13,Item_22,1,126.67544912509986,Weekly,2
83,Customer83,Last83,Male,2002-01-13,2021-11-10,2021-02-14,Item_41,1,33.69567081316419,Daily,2
83,Customer83,Last83,Male,2002-01-13,2021-11-10,2021-09-02,Item_45,4,77.7674850869353,Weekly,4
83,Customer83,Last83,Male,2002-01-13,2021-11-10,2020-02-12,Item_15,1,18.76347722378943,Monthly,4
84,Customer84,Last84,Female,2004-11-01,2020-01-27,2021-12-08,Item_29,2,85.15356593719405,Monthly,2
84,Customer84,Last84,Female,2004-11-01,2020-01-27,2021-05-01,Item_32,2,190.2308374217724,Weekly,2
84,Customer84,Last84,Female,2004-11-01,2020-01-27,2020-01-11,Item_39,4,13.805007625906649,Monthly,1
84,Customer84,Last84,Female,2004-11-01,2020-01-27,2020-10-26,Item_17,2,10.063176162892987,Monthly,1
84,Customer84,Last84,Female,2004-11-01,2020-01-27,2021-05-08,Item_15,3,81.61369129991067,Daily,5
84,Customer84,Last84,Female,2004-11-01,2020-01-27,2021-04-01,Item_36,1,154.99950533918897,Daily,2
85,Customer85,Last85,Male,2007-02-01,2021-09-09,2021-12-25,Item_42,4,96.80314252727004,Monthly,5
85,Customer85,Last85,Male,2007-02-01,2021-09-09,2020-08-28,Item_43,4,177.47564813825406,Weekly,2
85,Customer85,Last85,Male,2007-02-01,2021-09-09,2020-08-14,Item_27,4,132.23938418323903,Weekly,1
85,Customer85,Last85,Male,2007-02-01,2021-09-09,2020-01-11,Item_8,2,80.95789326739295,Daily,3
86,Customer86,Last86,Male,2007-07-07,2020-12-03,2021-11-07,Item_33,1,57.03259156464128,Daily,2
86,Customer86,Last86,Male,2007-07-07,2020-12-03,2021-03-23,Item_40,1,117.05339619620717,Daily,5
86,Customer86,Last86,Male,2007-07-07,2020-12-03,2021-11-26,Item_1,1,41.60300547119701,Daily,3
86,Customer86,Last86,Male,2007-07-07,2020-12-03,2021-08-26,Item_45,3,195.57779534589,Monthly,1
86,Customer86,Last86,Male,2007-07-07,2020-12-03,2021-03-28,Item_6,2,127.25959884517289,Daily,5
86,Customer86,Last86,Male,2007-07-07,2020-12-03,2021-05-13,Item_16,3,124.48510113014434,Monthly,4
86,Customer86,Last86,Male,2007-07-07,2020-12-03,2020-07-15,Item_5,4,35.29755079383842,Weekly,5
86,Customer86,Last86,Male,2007-07-07,2020-12-03,2021-11-09,Item_8,2,177.16513232896835,Weekly,4
86,Customer86,Last86,Male,2007-07-07,2020-12-03,2020-02-09,Item_24,2,58.54373548456489,Weekly,2
87,Customer87,Last87,Female,1996-11-11,2021-08-07,2020-03-31,Item_4,4,158.92818514958375,Daily,2
89,Customer89,Last89,Female,1993-01-09,2021-03-03,2020-06-01,Item_11,1,94.7002737696735,Monthly,3
89,Customer89,Last89,Female,1993-01-09,2021-03-03,2021-10-24,Item_30,4,148.74676794712772,Weekly,2
89,Customer89,Last89,Female,1993-01-09,2021-03-03,2021-08-27,Item_11,3,22.253341537341832,Daily,4
90,Customer90,Last90,Female,2017-09-26,2021-09-02,2021-02-28,Item_38,1,149.716556746493,Daily,4
90,Customer90,Last90,Female,2017-09-26,2021-09-02,2021-04-23,Item_20,1,80.84124106589755,Weekly,1
90,Customer90,Last90,Female,2017-09-26,2021-09-02,2020-10-10,Item_41,1,175.15932868369998,Monthly,3
90,Customer90,Last90,Female,2017-09-26,2021-09-02,2021-01-10,Item_39,1,84.29812498105314,Weekly,2
90,Customer90,Last90,Female,2017-09-26,2021-09-02,2021-05-11,Item_36,4,129.3105100268008,Daily,1
90,Customer90,Last90,Female,2017-09-26,2021-09-02,2020-07-06,Item_10,4,53.12329192941919,Monthly,4
90,Customer90,Last90,Female,2017-09-26,2021-09-02,2021-12-10,Item_31,2,177.06104539958926,Weekly,5
90,Customer90,Last90,Female,2017-09-26,2021-09-02,2021-10-04,Item_33,2,84.7550908470824,Weekly,2
90,Customer90,Last90,Female,2017-09-26,2021-09-02,2021-04-12,Item_36,4,92.74603633565027,Weekly,3
91,Customer91,Last91,Female,2015-02-16,2020-05-08,2020-07-25,Item_8,3,95.52364215975433,Monthly,2
91,Customer91,Last91,Female,2015-02-16,2020-05-08,2021-01-27,Item_50,2,140.3231414994741,Monthly,3
92,Customer92,Last92,Female,1990-05-14,2020-02-11,2021-08-18,Item_29,1,191.00324122735623,Daily,1
92,Customer92,Last92,Female,1990-05-14,2020-02-11,2020-12-19,Item_21,3,134.39168547195615,Daily,1
92,Customer92,Last92,Female,1990-05-14,2020-02-11,2020-07-04,Item_28,2,90.54951445352738,Monthly,4
92,Customer92,Last92,Female,1990-05-14,2020-02-11,2020-04-04,Item_2,4,198.40179768535205,Weekly,4
92,Customer92,Last92,Female,1990-05-14,2020-02-11,2020-03-10,Item_19,4,137.57643762998222,Monthly,3
92,Customer92,Last92,Female,1990-05-14,2020-02-11,2020-02-19,Item_39,3,176.10986941594518,Weekly,4
92,Customer92,Last92,Female,1990-05-14,2020-02-11,2021-05-24,Item_12,4,75.72488502532191,Daily,4
93,Customer93,Last93,Female,1998-05-03,2021-01-13,2021-03-22,Item_14,2,169.68595719261737,Monthly,3
93,Customer93,Last93,Female,1998-05-03,2021-01-13,2021-10-30,Item_16,2,125.05224995252775,Daily,1
93,Customer93,Last93,Female,1998-05-03,2021-01-13,2021-05-07,Item_30,3,40.26461459613297,Daily,4
93,Customer93,Last93,Female,1998-05-03,2021-01-13,2020-06-14,Item_33,4,60.33013497497935,Weekly,1
93,Customer93,Last93,Female,1998-05-03,2021-01-13,2020-12-18,Item_28,2,85.4639677115501,Weekly,3
93,Customer93,Last93,Female,1998-05-03,2021-01-13,2021-09-04,Item_13,2,80.52934783909967,Monthly,4
93,Customer93,Last93,Female,1998-05-03,2021-01-13,2020-11-21,Item_11,1,128.05545447817062,Daily,2
94,Customer94,Last94,Female,2000-09-24,2020-10-19,2020-04-29,Item_35,3,107.88328236340901,Weekly,4
94,Customer94,Last94,Female,2000-09-24,2020-10-19,2020-09-09,Item_31,2,131.63196252735156,Daily,2
94,Customer94,Last94,Female,2000-09-24,2020-10-19,2021-01-25,Item_22,1,193.79767377977228,Weekly,1
94,Customer94,Last94,Female,2000-09-24,2020-10-19,2020-12-02,Item_16,3,161.73272175272274,Weekly,1
94,Customer94,Last94,Female,2000-09-24,2020-10-19,2021-01-15,Item_49,2,150.5487630962527,Daily,2
94,Customer94,Last94,Female,2000-09-24,2020-10-19,2020-02-20,Item_23,4,73.99969535360961,Weekly,5
94,Customer94,Last94,Female,2000-09-24,2020-10-19,2021-12-22,Item_11,2,42.125403367638576,Monthly,3
95,Customer95,Last95,Female,2015-04-13,2021-02-06,2021-11-11,Item_26,2,174.62334683025264,Monthly,5
95,Customer95,Last95,Female,2015-04-13,2021-02-06,2021-08-07,Item_14,1,175.93396572753107,Weekly,3
95,Customer95,Last95,Female,2015-04-13,2021-02-06,2020-08-16,Item_10,4,12.096006709868501,Daily,2
95,Customer95,Last95,Female,2015-04-13,2021-02-06,2021-03-01,Item_30,2,106.92084537477679,Weekly,5
95,Customer95,Last95,Female,2015-04-13,2021-02-06,2021-09-21,Item_17,2,52.79250343101305,Daily,3
95,Customer95,Last95,Female,2015-04-13,2021-02-06,2020-06-18,Item_14,3,70.7366981637035,Monthly,2
95,Customer95,Last95,Female,2015-04-13,2021-02-06,2021-11-07,Item_18,4,84.0542836110335,Weekly,2
96,Customer96,Last96,Female,1996-10-27,2020-07-30,2021-07-30,Item_43,2,39.1950272506114,Monthly,5
96,Customer96,Last96,Female,1996-10-27,2020-07-30,2021-02-28,Item_25,3,110.76733480836866,Weekly,3
96,Customer96,Last96,Female,1996-10-27,2020-07-30,2021-07-06,Item_23,3,141.70684875630937,Weekly,5
96,Customer96,Last96,Female,1996-10-27,2020-07-30,2021-07-19,Item_21,3,107.65921488365774,Monthly,3
96,Customer96,Last96,Female,1996-10-27,2020-07-30,2020-08-17,Item_35,1,62.16264826002382,Daily,3
96,Customer96,Last96,Female,1996-10-27,2020-07-30,2021-08-27,Item_11,1,87.80079207098873,Daily,5
96,Customer96,Last96,Female,1996-10-27,2020-07-30,2021-12-27,Item_46,4,70.33097509658003,Monthly,3
96,Customer96,Last96,Female,1996-10-27,2020-07-30,2020-10-17,Item_3,1,62.366344348999625,Monthly,2
97,Customer97,Last97,Female,1992-11-04,2020-07-05,2021-04-03,Item_36,2,86.61965861352805,Daily,5
97,Customer97,Last97,Female,1992-11-04,2020-07-05,2020-02-15,Item_31,1,148.8576002254665,Daily,1
98,Customer98,Last98,Female,2003-07-30,2021-04-15,2020-09-25,Item_13,2,73.1397788174707,Weekly,1
98,Customer98,Last98,Female,2003-07-30,2021-04-15,2021-03-23,Item_15,4,82.214156698069,Weekly,3
98,Customer98,Last98,Female,2003-07-30,2021-04-15,2021-05-12,Item_17,4,126.84586566481515,Daily,2
98,Customer98,Last98,Female,2003-07-30,2021-04-15,2020-01-19,Item_23,4,42.96121411053188,Monthly,1
99,Customer99,Last99,Female,2015-04-10,2021-10-28,2020-03-06,Item_1,1,87.00893478629125,Daily,3
99,Customer99,Last99,Female,2015-04-10,2021-10-28,2020-03-02,Item_7,2,69.30813077232494,Daily,2
99,Customer99,Last99,Female,2015-04-10,2021-10-28,2020-01-04,Item_38,1,78.25764210408666,Monthly,5
99,Customer99,Last99,Female,2015-04-10,2021-10-28,2021-04-28,Item_27,1,167.09938790525672,Monthly,4
99,Customer99,Last99,Female,2015-04-10,2021-10-28,2021-11-17,Item_29,4,198.73401809813942,Weekly,4
99,Customer99,Last99,Female,2015-04-10,2021-10-28,2020-10-02,Item_5,2,183.7049380307793,Daily,2
99,Customer99,Last99,Female,2015-04-10,2021-10-28,2021-06-02,Item_39,2,160.8113315722981,Monthly,4
99,Customer99,Last99,Female,2015-04-10,2021-10-28,2020-11-27,Item_3,3,180.66970918561412,Daily,1
99,Customer99,Last99,Female,2015-04-10,2021-10-28,2021-08-06,Item_45,4,33.186659903635054,Monthly,1
99,Customer99,Last99,Female,2015-04-10,2021-10-28,2021-02-19,Item_10,1,54.20265232690939,Weekly,4
99,Customer99,Last99,Female,2015-04-10,2021-10-28,2020-09-04,Item_12,2,81.2993818441066,Daily,5
99,Customer99,Last99,Female,2015-04-10,2021-10-28,2020-06-26,Item_21,3,113.08370264513036,Weekly,2
100,Customer100,Last100,Male,1998-09-17,2020-11-27,2020-11-08,Item_7,1,19.94438639943658,Weekly,3
100,Customer100,Last100,Male,1998-09-17,2020-11-27,2021-02-04,Item_23,3,120.29025127616818,Monthly,1
100,Customer100,Last100,Male,1998-09-17,2020-11-27,2020-01-16,Item_46,3,50.23351662644089,Daily,3
100,Customer100,Last100,Male,1998-09-17,2020-11-27,2020-05-27,Item_2,3,150.4659996813069,Daily,1
101,Customer101,Last101,Male,2009-04-04,2020-03-24,2021-06-20,Item_24,4,187.68834490689733,Daily,5
101,Customer101,Last101,Male,2009-04-04,2020-03-24,2020-10-22,Item_5,4,160.7473790480891,Daily,1
101,Customer101,Last101,Male,2009-04-04,2020-03-24,2020-03-18,Item_49,3,78.95941165073847,Monthly,3
101,Customer101,Last101,Male,2009-04-04,2020-03-24,2020-05-13,Item_9,1,40.26776391760626,Monthly,1
101,Customer101,Last101,Male,2009-04-04,2020-03-24,2021-11-24,Item_37,1,101.07734362619183,Monthly,2
101,Customer101,Last101,Male,2009-04-04,2020-03-24,2021-11-12,Item_8,3,152.15646213600954,Monthly,3
101,Customer101,Last101,Male,2009-04-04,2020-03-24,2021-06-12,Item_39,4,69.34632935824757,Monthly,5
101,Customer101,Last101,Male,2009-04-04,2020-03-24,2020-03-25,Item_21,3,181.68549042589106,Monthly,3
102,Customer102,Last102,Female,2013-09-29,2021-08-28,2020-10-04,Item_11,1,62.02034842768024,Monthly,1
102,Customer102,Last102,Female,2013-09-29,2021-08-28,2021-03-28,Item_45,1,154.14851412109093,Weekly,5
103,Customer103,Last103,Female,1996-01-31,2020-03-29,2020-08-09,Item_38,1,49.96642018458503,Monthly,5
103,Customer103,Last103,Female,1996-01-31,2020-03-29,2021-05-30,Item_20,1,80.96683977729364,Monthly,2
103,Customer103,Last103,Female,1996-01-31,2020-03-29,2020-08-06,Item_27,2,21.883023110500005,Daily,2
104,Customer104,Last104,Female,1996-07-05,2020-12-06,2021-02-11,Item_28,1,198.50533010472776,Daily,4
104,Customer104,Last104,Female,1996-07-05,2020-12-06,2021-05-14,Item_22,1,121.69803051097352,Daily,1
104,Customer104,Last104,Female,1996-07-05,2020-12-06,2020-12-28,Item_19,3,81.37772785752803,Monthly,2
104,Customer104,Last104,Female,1996-07-05,2020-12-06,2021-09-13,Item_10,1,121.54172446321869,Daily,3
104,Customer104,Last104,Female,1996-07-05,2020-12-06,2021-08-13,Item_7,3,12.546499022111465,Daily,2
104,Customer104,Last104,Female,1996-07-05,2020-12-06,2021-02-14,Item_45,4,197.91538808653303,Daily,1
105,Customer105,Last105,Female,2007-04-07,2020-02-06,2020-02-09,Item_7,2,147.070192792459,Monthly,5
105,Customer105,Last105,Female,2007-04-07,2020-02-06,2020-04-03,Item_11,2,122.9152426067372,Daily,4
105,Customer105,Last105,Female,2007-04-07,2020-02-06,2020-10-27,Item_50,1,16.758464736754185,Daily,3
105,Customer105,Last105,Female,2007-04-07,2020-02-06,2020-07-15,Item_28,2,140.69798087718388,Daily,2
105,Customer105,Last105,Female,2007-04-07,2020-02-06,2021-09-13,Item_23,3,111.20841848469544,Weekly,4
106,Customer106,Last106,Female,1998-02-27,2020-05-16,2020-07-15,Item_40,4,67.39149534861106,Monthly,3
106,Customer106,Last106,Female,1998-02-27,2020-05-16,2021-06-24,Item_7,2,196.13287585643786,Monthly,4
107,Customer107,Last107,Female,2018-01-18,2021-10-28,2020-01-23,Item_27,4,44.77293440459816,Weekly,2
107,Customer107,Last107,Female,2018-01-18,2021-10-28,2021-10-12,Item_8,1,160.85804610992116,Weekly,3
108,Customer108,Last108,Female,1998-07-31,2020-03-19,2020-07-19,Item_42,3,98.27373336080393,Weekly,1
108,Customer108,Last108,Female,1998-07-31,2020-03-19,2020-05-26,Item_7,4,26.53740289165514,Weekly,3
108,Customer108,Last108,Female,1998-07-31,2020-03-19,2020-05-06,Item_49,1,166.77511722645372,Weekly,1
109,Customer109,Last109,Female,2016-02-13,2021-07-16,2021-03-05,Item_22,1,111.12654787699684,Weekly,2
109,Customer109,Last109,Female,2016-02-13,2021-07-16,2020-08-08,Item_8,2,10.490962820546653,Monthly,3
109,Customer109,Last109,Female,2016-02-13,2021-07-16,2020-07-07,Item_15,2,109.8458781740416,Monthly,3
109,Customer109,Last109,Female,2016-02-13,2021-07-16,2020-05-25,Item_26,1,84.55480709041015,Daily,1
109,Customer109,Last109,Female,2016-02-13,2021-07-16,2021-03-09,Item_8,4,38.79818060165798,Daily,1
109,Customer109,Last109,Female,2016-02-13,2021-07-16,2021-03-03,Item_26,4,51.05718610520842,Monthly,5
109,Customer109,Last109,Female,2016-02-13,2021-07-16,2020-04-13,Item_20,2,161.68539576262236,Monthly,3
109,Customer109,Last109,Female,2016-02-13,2021-07-16,2021-03-06,Item_16,3,126.55989634144349,Daily,4
110,Customer110,Last110,Male,2002-11-30,2020-07-19,2020-11-05,Item_11,3,158.5401626705556,Weekly,2
110,Customer110,Last110,Male,2002-11-30,2020-07-19,2020-05-05,Item_14,3,51.269728561330005,Daily,4
111,Customer111,Last111,Female,1994-06-02,2021-08-19,2021-10-07,Item_4,3,54.56664573361745,Monthly,4
111,Customer111,Last111,Female,1994-06-02,2021-08-19,2020-05-27,Item_33,1,141.40743055817066,Weekly,4
111,Customer111,Last111,Female,1994-06-02,2021-08-19,2020-09-14,Item_39,1,182.78413648159528,Monthly,1
111,Customer111,Last111,Female,1994-06-02,2021-08-19,2020-03-18,Item_42,1,77.63494102102202,Monthly,2
111,Customer111,Last111,Female,1994-06-02,2021-08-19,2020-02-25,Item_19,3,95.82239565401972,Weekly,2
111,Customer111,Last111,Female,1994-06-02,2021-08-19,2020-01-30,Item_26,2,85.50246419221014,Weekly,5
111,Customer111,Last111,Female,1994-06-02,2021-08-19,2020-03-18,Item_14,2,93.80371006764891,Daily,3
112,Customer112,Last112,Male,2016-08-29,2020-03-13,2021-11-16,Item_42,2,107.39688898910298,Monthly,5
112,Customer112,Last112,Male,2016-08-29,2020-03-13,2021-11-13,Item_13,4,57.98027859432966,Weekly,2
112,Customer112,Last112,Male,2016-08-29,2020-03-13,2020-08-02,Item_35,4,13.360683826518873,Weekly,3
112,Customer112,Last112,Male,2016-08-29,2020-03-13,2021-05-28,Item_11,1,49.86997902271779,Weekly,2
112,Customer112,Last112,Male,2016-08-29,2020-03-13,2020-10-05,Item_32,3,165.87172641530492,Monthly,1
113,Customer113,Last113,Female,1996-03-31,2020-11-02,2021-05-12,Item_20,1,17.824864103061618,Daily,1
113,Customer113,Last113,Female,1996-03-31,2020-11-02,2020-03-26,Item_37,4,66.77881840408963,Weekly,4
113,Customer113,Last113,Female,1996-03-31,2020-11-02,2020-06-25,Item_22,4,189.99658789989735,Daily,3
113,Customer113,Last113,Female,1996-03-31,2020-11-02,2021-05-21,Item_22,1,102.03570503906772,Monthly,5
113,Customer113,Last113,Female,1996-03-31,2020-11-02,2020-10-15,Item_12,1,23.135229375457694,Daily,4
113,Customer113,Last113,Female,1996-03-31,2020-11-02,2021-10-05,Item_33,1,95.26773902796658,Monthly,1
113,Customer113,Last113,Female,1996-03-31,2020-11-02,2020-05-19,Item_34,2,106.16043542088266,Daily,5
113,Customer113,Last113,Female,1996-03-31,2020-11-02,2021-03-12,Item_30,4,62.772998512359614,Weekly,5
113,Customer113,Last113,Female,1996-03-31,2020-11-02,2020-07-07,Item_28,3,158.93010858585802,Daily,2
113,Customer113,Last113,Female,1996-03-31,2020-11-02,2020-02-25,Item_36,2,44.450663185846,Monthly,2
113,Customer113,Last113,Female,1996-03-31,2020-11-02,2021-03-08,Item_1,4,86.75579650204416,Monthly,1
113,Customer113,Last113,Female,1996-03-31,2020-11-02,2020-07-13,Item_25,1,27.866859842510607,Monthly,3
113,Customer113,Last113,Female,1996-03-31,2020-11-02,2021-03-12,Item_38,1,194.9569040954729,Daily,2
113,Customer113,Last113,Female,1996-03-31,2020-11-02,2020-11-19,Item_32,3,182.01837611279535,Weekly,1
114,Customer114,Last114,Female,2012-08-29,2021-09-21,2020-04-10,Item_29,2,72.3924332981654,Weekly,3
114,Customer114,Last114,Female,2012-08-29,2021-09-21,2021-03-16,Item_9,1,115.76104100797627,Daily,2
114,Customer114,Last114,Female,2012-08-29,2021-09-21,2020-01-17,Item_29,2,71.28031579081889,Monthly,5
115,Customer115,Last115,Male,2001-05-18,2021-10-05,2021-01-11,Item_7,4,194.8885721333658,Daily,4
115,Customer115,Last115,Male,2001-05-18,2021-10-05,2020-01-10,Item_28,1,23.543251310481143,Weekly,3
115,Customer115,Last115,Male,2001-05-18,2021-10-05,2021-07-21,Item_41,2,111.17142658629098,Daily,5
115,Customer115,Last115,Male,2001-05-18,2021-10-05,2020-07-20,Item_38,2,102.79488471233853,Weekly,3
115,Customer115,Last115,Male,2001-05-18,2021-10-05,2020-03-07,Item_14,1,181.7435327494712,Daily,4
115,Customer115,Last115,Male,2001-05-18,2021-10-05,2021-02-12,Item_28,1,65.21163636320748,Weekly,4
115,Customer115,Last115,Male,2001-05-18,2021-10-05,2020-08-20,Item_4,3,175.70578300427053,Daily,5
116,Customer116,Last116,Female,2016-03-28,2021-01-11,2021-01-01,Item_17,1,13.4898510187026,Monthly,1
116,Customer116,Last116,Female,2016-03-28,2021-01-11,2021-07-08,Item_15,2,134.11997365509274,Weekly,1
116,Customer116,Last116,Female,2016-03-28,2021-01-11,2021-06-11,Item_6,4,93.98463101874293,Monthly,2
116,Customer116,Last116,Female,2016-03-28,2021-01-11,2020-08-28,Item_43,1,27.19152210453964,Monthly,1
116,Customer116,Last116,Female,2016-03-28,2021-01-11,2021-03-18,Item_29,3,131.21718910072656,Weekly,3
117,Customer117,Last117,Male,1992-02-16,2021-09-10,2021-04-01,Item_38,1,124.11581308378486,Daily,5
117,Customer117,Last117,Male,1992-02-16,2021-09-10,2020-01-20,Item_7,4,99.8494734703046,Daily,2
117,Customer117,Last117,Male,1992-02-16,2021-09-10,2020-08-21,Item_42,2,147.65820176573743,Monthly,4
117,Customer117,Last117,Male,1992-02-16,2021-09-10,2021-03-19,Item_33,4,130.30602894255816,Weekly,4
117,Customer117,Last117,Male,1992-02-16,2021-09-10,2020-10-18,Item_32,2,23.055438178470876,Monthly,2
117,Customer117,Last117,Male,1992-02-16,2021-09-10,2020-08-20,Item_39,3,127.13494811006586,Monthly,1
117,Customer117,Last117,Male,1992-02-16,2021-09-10,2020-08-10,Item_23,4,104.24908934917845,Daily,5
117,Customer117,Last117,Male,1992-02-16,2021-09-10,2020-06-21,Item_45,4,101.02331198963672,Weekly,2
118,Customer118,Last118,Female,2012-05-16,2021-05-05,2020-09-23,Item_5,2,195.7186133998093,Monthly,1
118,Customer118,Last118,Female,2012-05-16,2021-05-05,2020-09-02,Item_34,4,138.40983656660143,Daily,4
118,Customer118,Last118,Female,2012-05-16,2021-05-05,2020-05-31,Item_48,4,59.53552698478414,Monthly,2
118,Customer118,Last118,Female,2012-05-16,2021-05-05,2020-10-24,Item_5,3,18.3097689171942,Daily,1
118,Customer118,Last118,Female,2012-05-16,2021-05-05,2020-05-29,Item_43,2,92.42209732840664,Weekly,3
118,Customer118,Last118,Female,2012-05-16,2021-05-05,2020-05-08,Item_49,1,102.45355582631309,Monthly,3
118,Customer118,Last118,Female,2012-05-16,2021-05-05,2020-03-13,Item_32,3,34.95638754753227,Weekly,3
118,Customer118,Last118,Female,2012-05-16,2021-05-05,2021-05-09,Item_23,4,82.0151539816285,Monthly,5
118,Customer118,Last118,Female,2012-05-16,2021-05-05,2021-03-02,Item_20,3,31.459209598122975,Weekly,4
119,Customer119,Last119,Female,2004-03-08,2021-04-12,2020-03-22,Item_8,2,120.22132364213893,Monthly,4
119,Customer119,Last119,Female,2004-03-08,2021-04-12,2020-10-28,Item_21,3,119.66282882463452,Daily,3
119,Customer119,Last119,Female,2004-03-08,2021-04-12,2020-08-04,Item_12,4,153.28045926007115,Monthly,5
120,Customer120,Last120,Male,2015-04-02,2021-07-21,2021-03-11,Item_20,2,55.03529285058387,Daily,4
120,Customer120,Last120,Male,2015-04-02,2021-07-21,2021-01-24,Item_10,1,163.81069539600392,Daily,4
120,Customer120,Last120,Male,2015-04-02,2021-07-21,2021-05-09,Item_34,3,52.486742554299134,Weekly,5
120,Customer120,Last120,Male,2015-04-02,2021-07-21,2020-07-06,Item_6,4,13.420016899590848,Daily,5
121,Customer121,Last121,Female,2015-03-12,2020-10-01,2021-03-05,Item_18,2,152.34071142924378,Monthly,1
121,Customer121,Last121,Female,2015-03-12,2020-10-01,2021-06-14,Item_31,4,118.47185535039122,Daily,4
121,Customer121,Last121,Female,2015-03-12,2020-10-01,2020-04-19,Item_39,2,68.6527612409071,Weekly,1
121,Customer121,Last121,Female,2015-03-12,2020-10-01,2020-12-23,Item_23,4,180.4654047832776,Daily,5
122,Customer122,Last122,Male,2013-10-06,2020-10-24,2021-12-07,Item_9,4,130.0829423438795,Daily,4
122,Customer122,Last122,Male,2013-10-06,2020-10-24,2021-01-21,Item_36,2,35.422709893102855,Monthly,3
122,Customer122,Last122,Male,2013-10-06,2020-10-24,2020-09-23,Item_41,4,38.35517781053346,Weekly,4
122,Customer122,Last122,Male,2013-10-06,2020-10-24,2021-08-20,Item_2,2,198.55892609299934,Monthly,2
122,Customer122,Last122,Male,2013-10-06,2020-10-24,2021-01-18,Item_6,1,39.71254283665511,Weekly,4
123,Customer123,Last123,Female,2003-04-17,2020-01-23,2021-01-02,Item_4,4,175.648228004893,Daily,4
123,Customer123,Last123,Female,2003-04-17,2020-01-23,2020-11-19,Item_34,4,171.12301819738627,Weekly,2
123,Customer123,Last123,Female,2003-04-17,2020-01-23,2020-05-06,Item_2,4,124.4076723699714,Daily,4
123,Customer123,Last123,Female,2003-04-17,2020-01-23,2020-02-08,Item_31,3,117.76244818468327,Daily,1
124,Customer124,Last124,Male,2014-01-26,2020-09-21,2020-11-22,Item_22,2,51.90661373524142,Daily,3
124,Customer124,Last124,Male,2014-01-26,2020-09-21,2020-11-16,Item_40,2,136.72458822827238,Monthly,2
124,Customer124,Last124,Male,2014-01-26,2020-09-21,2021-03-22,Item_35,3,58.572549583761734,Monthly,2
124,Customer124,Last124,Male,2014-01-26,2020-09-21,2021-03-01,Item_19,1,27.656537432084086,Daily,2
125,Customer125,Last125,Male,2009-09-12,2021-04-23,2020-05-31,Item_29,3,120.37709011993157,Daily,1
126,Customer126,Last126,Female,2009-05-07,2021-05-16,2020-09-04,Item_21,3,41.15990138800447,Weekly,2
126,Customer126,Last126,Female,2009-05-07,2021-05-16,2021-12-23,Item_39,2,123.43891421018142,Daily,5
126,Customer126,Last126,Female,2009-05-07,2021-05-16,2020-06-21,Item_23,3,177.66729368665895,Monthly,5
126,Customer126,Last126,Female,2009-05-07,2021-05-16,2020-11-27,Item_12,1,19.087855874880038,Weekly,5
126,Customer126,Last126,Female,2009-05-07,2021-05-16,2020-08-30,Item_19,1,129.9224227317742,Weekly,4
126,Customer126,Last126,Female,2009-05-07,2021-05-16,2021-03-22,Item_10,1,189.86121129792537,Weekly,4
126,Customer126,Last126,Female,2009-05-07,2021-05-16,2020-04-09,Item_43,2,58.2552261686847,Daily,5
127,Customer127,Last127,Female,1994-09-23,2021-06-17,2021-12-20,Item_42,2,123.3322402472301,Weekly,4
127,Customer127,Last127,Female,1994-09-23,2021-06-17,2020-01-22,Item_14,3,69.33163934927124,Weekly,5
127,Customer127,Last127,Female,1994-09-23,2021-06-17,2021-09-17,Item_2,3,30.01983145103313,Weekly,5
127,Customer127,Last127,Female,1994-09-23,2021-06-17,2021-04-10,Item_27,1,126.45103056377035,Weekly,1
128,Customer128,Last128,Male,2018-08-25,2020-03-28,2021-06-05,Item_18,3,153.84126084613243,Weekly,1
128,Customer128,Last128,Male,2018-08-25,2020-03-28,2020-03-14,Item_25,4,123.56747739861423,Daily,3
128,Customer128,Last128,Male,2018-08-25,2020-03-28,2021-12-17,Item_37,3,111.36726580694216,Weekly,2
128,Customer128,Last128,Male,2018-08-25,2020-03-28,2021-03-16,Item_39,3,26.825561002415863,Weekly,4
128,Customer128,Last128,Male,2018-08-25,2020-03-28,2020-06-04,Item_31,2,101.18044550249391,Monthly,5
128,Customer128,Last128,Male,2018-08-25,2020-03-28,2021-07-05,Item_17,4,185.87821786733525,Monthly,4
128,Customer128,Last128,Male,2018-08-25,2020-03-28,2021-10-21,Item_5,1,32.76751038335281,Monthly,4
128,Customer128,Last128,Male,2018-08-25,2020-03-28,2021-11-04,Item_6,2,158.71224774138835,Daily,2
129,Customer129,Last129,Female,2014-11-06,2021-01-26,2021-07-22,Item_25,4,147.61420854401825,Daily,2
129,Customer129,Last129,Female,2014-11-06,2021-01-26,2021-05-05,Item_36,1,101.37172797530712,Daily,4
129,Customer129,Last129,Female,2014-11-06,2021-01-26,2021-11-23,Item_39,4,63.93236043564255,Daily,4
129,Customer129,Last129,Female,2014-11-06,2021-01-26,2021-10-08,Item_35,3,28.50474458517491,Monthly,3
129,Customer129,Last129,Female,2014-11-06,2021-01-26,2020-12-13,Item_23,3,131.2125507300343,Weekly,1
129,Customer129,Last129,Female,2014-11-06,2021-01-26,2021-10-17,Item_35,1,13.006007435460663,Monthly,5
129,Customer129,Last129,Female,2014-11-06,2021-01-26,2020-11-13,Item_43,4,112.35217679517743,Weekly,3
130,Customer130,Last130,Female,2017-11-25,2020-12-03,2020-07-20,Item_40,4,127.15487055387007,Monthly,5
130,Customer130,Last130,Female,2017-11-25,2020-12-03,2021-05-04,Item_3,3,115.0702759924721,Monthly,1
130,Customer130,Last130,Female,2017-11-25,2020-12-03,2020-05-20,Item_30,3,93.33537113301229,Daily,1
130,Customer130,Last130,Female,2017-11-25,2020-12-03,2020-11-25,Item_19,3,94.4396960227283,Daily,3
130,Customer130,Last130,Female,2017-11-25,2020-12-03,2021-05-03,Item_19,1,159.39243178384797,Weekly,2
130,Customer130,Last130,Female,2017-11-25,2020-12-03,2020-10-21,Item_16,4,136.1957037560293,Daily,2
130,Customer130,Last130,Female,2017-11-25,2020-12-03,2020-06-05,Item_19,4,174.613437707755,Monthly,2
130,Customer130,Last130,Female,2017-11-25,2020-12-03,2021-08-29,Item_26,1,23.01602725912612,Monthly,5
131,Customer131,Last131,Female,2010-05-02,2021-09-28,2021-03-23,Item_12,1,126.45939322446513,Monthly,4
131,Customer131,Last131,Female,2010-05-02,2021-09-28,2021-05-15,Item_9,3,11.715776784614548,Daily,5
131,Customer131,Last131,Female,2010-05-02,2021-09-28,2020-12-07,Item_18,3,97.76991796748159,Daily,2
131,Customer131,Last131,Female,2010-05-02,2021-09-28,2020-05-30,Item_8,2,147.78525412520423,Daily,2
132,Customer132,Last132,Male,2019-03-10,2021-07-24,2021-06-24,Item_35,3,13.39375957088068,Weekly,3
132,Customer132,Last132,Male,2019-03-10,2021-07-24,2021-10-05,Item_1,2,163.68785771090234,Monthly,3
132,Customer132,Last132,Male,2019-03-10,2021-07-24,2020-04-21,Item_5,3,142.55741922881427,Weekly,3
132,Customer132,Last132,Male,2019-03-10,2021-07-24,2020-05-29,Item_12,3,99.69148249742967,Monthly,4
132,Customer132,Last132,Male,2019-03-10,2021-07-24,2020-02-05,Item_18,4,63.721681019964784,Monthly,2
132,Customer132,Last132,Male,2019-03-10,2021-07-24,2021-02-02,Item_3,4,53.00678392488233,Daily,4
133,Customer133,Last133,Male,1994-06-07,2020-07-13,2020-10-29,Item_42,2,89.5303181085477,Daily,4
133,Customer133,Last133,Male,1994-06-07,2020-07-13,2021-12-02,Item_47,1,152.41364204908876,Weekly,4
133,Customer133,Last133,Male,1994-06-07,2020-07-13,2020-09-06,Item_28,1,142.12897318233013,Daily,5
133,Customer133,Last133,Male,1994-06-07,2020-07-13,2021-09-03,Item_4,3,121.30392773466137,Daily,5
133,Customer133,Last133,Male,1994-06-07,2020-07-13,2020-03-18,Item_5,4,34.31775962138141,Daily,2
133,Customer133,Last133,Male,1994-06-07,2020-07-13,2021-10-23,Item_29,2,177.1661636508221,Daily,2
134,Customer134,Last134,Male,2010-12-28,2020-06-10,2021-03-30,Item_6,2,92.31688230461457,Daily,4
134,Customer134,Last134,Male,2010-12-28,2020-06-10,2021-11-10,Item_27,4,90.61640831812875,Daily,2
134,Customer134,Last134,Male,2010-12-28,2020-06-10,2020-06-16,Item_19,4,27.455468664908494,Daily,4
134,Customer134,Last134,Male,2010-12-28,2020-06-10,2021-03-16,Item_30,3,49.853060059899455,Daily,1
134,Customer134,Last134,Male,2010-12-28,2020-06-10,2020-02-25,Item_28,2,139.5172016563078,Daily,3
135,Customer135,Last135,Male,2019-02-18,2021-09-26,2020-03-03,Item_12,4,121.08743308409186,Daily,2
135,Customer135,Last135,Male,2019-02-18,2021-09-26,2020-11-10,Item_22,3,100.57214025782024,Monthly,4
135,Customer135,Last135,Male,2019-02-18,2021-09-26,2020-12-31,Item_3,4,36.8428293623461,Weekly,1
136,Customer136,Last136,Male,2009-04-28,2021-11-09,2020-03-24,Item_17,3,29.628701853562976,Weekly,2
136,Customer136,Last136,Male,2009-04-28,2021-11-09,2020-08-19,Item_48,3,173.3173940129197,Weekly,4
136,Customer136,Last136,Male,2009-04-28,2021-11-09,2021-05-06,Item_9,3,59.102007855445436,Daily,3
136,Customer136,Last136,Male,2009-04-28,2021-11-09,2021-09-24,Item_28,2,181.24624204718327,Weekly,1
137,Customer137,Last137,Male,1996-02-13,2021-12-02,2021-09-22,Item_6,3,23.759091707804885,Weekly,1
137,Customer137,Last137,Male,1996-02-13,2021-12-02,2021-05-09,Item_5,1,132.089434099966,Weekly,3
137,Customer137,Last137,Male,1996-02-13,2021-12-02,2020-10-13,Item_18,2,53.74677200129529,Weekly,5
137,Customer137,Last137,Male,1996-02-13,2021-12-02,2020-11-03,Item_33,3,132.75712345787653,Daily,2
137,Customer137,Last137,Male,1996-02-13,2021-12-02,2020-04-06,Item_38,3,33.262440688198794,Weekly,3
137,Customer137,Last137,Male,1996-02-13,2021-12-02,2020-05-29,Item_43,4,90.07436790005701,Monthly,3
138,Customer138,Last138,Male,1996-12-29,2021-10-31,2020-06-15,Item_8,2,130.6424086622963,Daily,1
138,Customer138,Last138,Male,1996-12-29,2021-10-31,2021-11-29,Item_47,2,119.28103659435874,Weekly,3
138,Customer138,Last138,Male,1996-12-29,2021-10-31,2020-08-07,Item_7,2,186.62721534638,Daily,5
138,Customer138,Last138,Male,1996-12-29,2021-10-31,2020-11-19,Item_24,3,63.661870750437224,Daily,3
138,Customer138,Last138,Male,1996-12-29,2021-10-31,2021-06-07,Item_20,2,24.64482227077753,Monthly,1
139,Customer139,Last139,Male,1995-11-30,2021-12-17,2021-06-22,Item_36,3,103.72260088892192,Daily,5
139,Customer139,Last139,Male,1995-11-30,2021-12-17,2020-04-09,Item_41,3,15.911963984297959,Weekly,1
140,Customer140,Last140,Male,1995-01-31,2021-03-09,2020-12-15,Item_24,1,122.65449596803855,Monthly,2
140,Customer140,Last140,Male,1995-01-31,2021-03-09,2020-11-14,Item_44,3,49.175371258501016,Daily,5
140,Customer140,Last140,Male,1995-01-31,2021-03-09,2021-04-23,Item_42,2,156.0339629098166,Monthly,3
140,Customer140,Last140,Male,1995-01-31,2021-03-09,2020-09-17,Item_33,1,102.07430153358429,Weekly,2
140,Customer140,Last140,Male,1995-01-31,2021-03-09,2021-12-26,Item_38,1,51.95249965927144,Daily,1
140,Customer140,Last140,Male,1995-01-31,2021-03-09,2020-05-26,Item_17,3,150.5375471380851,Weekly,1
141,Customer141,Last141,Female,2011-02-10,2020-06-05,2020-07-04,Item_1,2,63.14367230958105,Monthly,1
141,Customer141,Last141,Female,2011-02-10,2020-06-05,2021-01-21,Item_17,4,79.3116616374606,Monthly,3
141,Customer141,Last141,Female,2011-02-10,2020-06-05,2021-07-10,Item_1,1,18.10030976453622,Daily,1
141,Customer141,Last141,Female,2011-02-10,2020-06-05,2020-01-04,Item_50,2,94.22188661428747,Daily,2
141,Customer141,Last141,Female,2011-02-10,2020-06-05,2021-10-09,Item_33,3,148.3099635788412,Daily,5
142,Customer142,Last142,Male,2015-04-12,2021-12-27,2021-08-29,Item_16,2,19.82239907589012,Weekly,2
142,Customer142,Last142,Male,2015-04-12,2021-12-27,2021-05-29,Item_8,1,180.37571506962325,Daily,2
142,Customer142,Last142,Male,2015-04-12,2021-12-27,2020-08-16,Item_39,2,57.230248965838996,Daily,3
142,Customer142,Last142,Male,2015-04-12,2021-12-27,2020-03-09,Item_20,2,33.25158389178381,Daily,4
142,Customer142,Last142,Male,2015-04-12,2021-12-27,2021-07-03,Item_49,3,119.67744884603648,Monthly,2
143,Customer143,Last143,Female,2006-04-13,2020-07-21,2021-01-29,Item_33,1,65.8919149352608,Monthly,4
143,Customer143,Last143,Female,2006-04-13,2020-07-21,2020-06-28,Item_1,3,191.3854057063284,Weekly,2
143,Customer143,Last143,Female,2006-04-13,2020-07-21,2021-01-04,Item_49,4,102.34294556573259,Daily,5
143,Customer143,Last143,Female,2006-04-13,2020-07-21,2021-10-16,Item_6,4,180.781003754247,Daily,3
144,Customer144,Last144,Female,2011-05-09,2021-11-17,2021-06-09,Item_45,3,25.49003301496107,Daily,1
144,Customer144,Last144,Female,2011-05-09,2021-11-17,2020-03-05,Item_29,3,130.18270131299818,Monthly,1
144,Customer144,Last144,Female,2011-05-09,2021-11-17,2021-08-23,Item_32,4,91.86379739222633,Monthly,5
144,Customer144,Last144,Female,2011-05-09,2021-11-17,2021-04-02,Item_18,1,182.11930990967446,Weekly,5
144,Customer144,Last144,Female,2011-05-09,2021-11-17,2020-09-24,Item_18,4,79.72165504891213,Monthly,4
144,Customer144,Last144,Female,2011-05-09,2021-11-17,2020-05-21,Item_46,2,139.22506690965577,Weekly,1
144,Customer144,Last144,Female,2011-05-09,2021-11-17,2021-08-03,Item_18,1,127.42981811456534,Weekly,1
144,Customer144,Last144,Female,2011-05-09,2021-11-17,2020-02-14,Item_24,3,86.91170152618797,Monthly,5
144,Customer144,Last144,Female,2011-05-09,2021-11-17,2020-12-05,Item_21,4,123.72099938002947,Monthly,5
144,Customer144,Last144,Female,2011-05-09,2021-11-17,2020-07-05,Item_8,1,85.77884564370859,Daily,2
145,Customer145,Last145,Female,2001-12-30,2020-07-18,2021-12-23,Item_45,3,92.39451345171389,Daily,3
145,Customer145,Last145,Female,2001-12-30,2020-07-18,2020-12-18,Item_29,3,85.50200780823619,Weekly,3
145,Customer145,Last145,Female,2001-12-30,2020-07-18,2020-03-28,Item_18,4,137.57068721081674,Monthly,5
145,Customer145,Last145,Female,2001-12-30,2020-07-18,2021-06-02,Item_25,1,129.5667731420399,Daily,3
145,Customer145,Last145,Female,2001-12-30,2020-07-18,2021-09-08,Item_12,2,29.40841063493224,Weekly,3
145,Customer145,Last145,Female,2001-12-30,2020-07-18,2020-04-12,Item_30,4,153.10559382354654,Daily,3
145,Customer145,Last145,Female,2001-12-30,2020-07-18,2020-09-22,Item_3,4,83.22141777899874,Weekly,4
145,Customer145,Last145,Female,2001-12-30,2020-07-18,2021-05-10,Item_42,2,196.5741461847676,Daily,4
145,Customer145,Last145,Female,2001-12-30,2020-07-18,2021-01-26,Item_35,2,20.6658596490799,Monthly,3
145,Customer145,Last145,Female,2001-12-30,2020-07-18,2021-08-09,Item_36,3,116.01634036870158,Daily,5
146,Customer146,Last146,Male,2005-06-04,2021-11-14,2020-04-16,Item_48,1,77.77909007760032,Weekly,5
146,Customer146,Last146,Male,2005-06-04,2021-11-14,2020-12-30,Item_48,1,139.38521717526646,Weekly,4
146,Customer146,Last146,Male,2005-06-04,2021-11-14,2021-02-13,Item_21,2,71.22094565447938,Weekly,5
146,Customer146,Last146,Male,2005-06-04,2021-11-14,2021-11-08,Item_10,1,116.02804177830373,Monthly,5
146,Customer146,Last146,Male,2005-06-04,2021-11-14,2021-09-26,Item_26,3,80.66720690420432,Daily,5
146,Customer146,Last146,Male,2005-06-04,2021-11-14,2021-01-30,Item_21,4,176.67549686081807,Daily,3
147,Customer147,Last147,Male,2001-09-24,2021-11-07,2020-08-13,Item_49,2,17.743280157569824,Daily,4
147,Customer147,Last147,Male,2001-09-24,2021-11-07,2020-09-21,Item_34,1,129.46531545912956,Monthly,1
147,Customer147,Last147,Male,2001-09-24,2021-11-07,2020-07-30,Item_22,4,105.92052755967337,Weekly,4
147,Customer147,Last147,Male,2001-09-24,2021-11-07,2020-03-14,Item_46,4,85.8187297660511,Monthly,4
147,Customer147,Last147,Male,2001-09-24,2021-11-07,2020-07-19,Item_7,4,81.1163857565606,Daily,4
147,Customer147,Last147,Male,2001-09-24,2021-11-07,2020-04-29,Item_9,3,171.72310956202645,Daily,1
147,Customer147,Last147,Male,2001-09-24,2021-11-07,2020-10-06,Item_37,2,153.41918578876107,Monthly,1
147,Customer147,Last147,Male,2001-09-24,2021-11-07,2020-09-22,Item_44,3,127.70457276744166,Daily,5
147,Customer147,Last147,Male,2001-09-24,2021-11-07,2020-05-25,Item_11,4,192.36703843442652,Daily,3
147,Customer147,Last147,Male,2001-09-24,2021-11-07,2020-12-29,Item_35,3,18.835111423612446,Daily,5
148,Customer148,Last148,Male,2007-04-21,2021-06-24,2021-06-06,Item_26,4,192.5483047825256,Monthly,3
148,Customer148,Last148,Male,2007-04-21,2021-06-24,2020-05-08,Item_48,4,113.2270994390248,Monthly,2
148,Customer148,Last148,Male,2007-04-21,2021-06-24,2021-04-23,Item_13,1,121.79840033471504,Monthly,4
148,Customer148,Last148,Male,2007-04-21,2021-06-24,2020-02-18,Item_9,4,44.20198311981746,Monthly,2
148,Customer148,Last148,Male,2007-04-21,2021-06-24,2021-05-13,Item_19,2,151.77937892154932,Weekly,3
149,Customer149,Last149,Male,2000-06-11,2020-08-24,2020-08-28,Item_9,2,11.981262885506583,Daily,4
149,Customer149,Last149,Male,2000-06-11,2020-08-24,2021-01-21,Item_26,2,109.59024243797083,Weekly,1
149,Customer149,Last149,Male,2000-06-11,2020-08-24,2021-12-28,Item_21,4,54.98901876916322,Daily,5
150,Customer150,Last150,Female,2010-03-16,2021-05-27,2021-12-03,Item_40,3,27.029004439439003,Daily,3
150,Customer150,Last150,Female,2010-03-16,2021-05-27,2020-03-27,Item_18,1,123.64139958011341,Monthly,1
150,Customer150,Last150,Female,2010-03-16,2021-05-27,2021-09-24,Item_11,4,142.8699212739787,Monthly,2
151,Customer151,Last151,Male,1999-06-09,2021-08-19,2020-02-26,Item_48,3,161.39158729416522,Daily,4
151,Customer151,Last151,Male,1999-06-09,2021-08-19,2020-12-16,Item_5,4,168.8396321184298,Weekly,5
151,Customer151,Last151,Male,1999-06-09,2021-08-19,2021-03-10,Item_21,2,82.27974380423156,Weekly,1
151,Customer151,Last151,Male,1999-06-09,2021-08-19,2021-08-13,Item_38,3,166.78814580895795,Daily,3
151,Customer151,Last151,Male,1999-06-09,2021-08-19,2020-10-05,Item_40,1,160.4977904145032,Monthly,5
151,Customer151,Last151,Male,1999-06-09,2021-08-19,2020-07-14,Item_12,1,108.85634961454427,Daily,3
151,Customer151,Last151,Male,1999-06-09,2021-08-19,2020-02-25,Item_37,4,158.24048205171945,Weekly,1
151,Customer151,Last151,Male,1999-06-09,2021-08-19,2021-06-12,Item_40,1,195.8317454149704,Weekly,4
151,Customer151,Last151,Male,1999-06-09,2021-08-19,2020-11-29,Item_49,2,23.807465605903094,Monthly,3
152,Customer152,Last152,Male,2012-05-11,2021-09-26,2021-11-21,Item_40,2,77.98225667637156,Daily,2
152,Customer152,Last152,Male,2012-05-11,2021-09-26,2021-10-19,Item_22,1,123.75565621902044,Monthly,3
152,Customer152,Last152,Male,2012-05-11,2021-09-26,2020-08-23,Item_32,3,177.904837235543,Monthly,2
152,Customer152,Last152,Male,2012-05-11,2021-09-26,2021-01-24,Item_13,2,38.308452634336994,Weekly,5
152,Customer152,Last152,Male,2012-05-11,2021-09-26,2020-12-28,Item_40,1,150.06424275137618,Daily,1
152,Customer152,Last152,Male,2012-05-11,2021-09-26,2021-02-08,Item_41,1,69.60826132687825,Monthly,1
152,Customer152,Last152,Male,2012-05-11,2021-09-26,2021-04-21,Item_2,1,191.03153024424591,Daily,1
152,Customer152,Last152,Male,2012-05-11,2021-09-26,2021-03-17,Item_18,2,186.38033124122964,Daily,3
152,Customer152,Last152,Male,2012-05-11,2021-09-26,2020-08-06,Item_15,4,197.79903798829454,Daily,3
152,Customer152,Last152,Male,2012-05-11,2021-09-26,2020-07-18,Item_44,4,134.66546342391032,Weekly,1
152,Customer152,Last152,Male,2012-05-11,2021-09-26,2021-03-30,Item_20,4,133.646024036162,Weekly,3
153,Customer153,Last153,Male,2000-03-25,2020-03-05,2020-02-01,Item_29,1,82.07813208526052,Monthly,4
153,Customer153,Last153,Male,2000-03-25,2020-03-05,2020-11-05,Item_41,2,30.694484950878973,Monthly,4
153,Customer153,Last153,Male,2000-03-25,2020-03-05,2020-06-28,Item_1,2,109.38609767053909,Monthly,3
153,Customer153,Last153,Male,2000-03-25,2020-03-05,2021-07-20,Item_34,3,77.41985844880918,Monthly,2
153,Customer153,Last153,Male,2000-03-25,2020-03-05,2021-09-29,Item_30,2,88.54912536609967,Weekly,3
154,Customer154,Last154,Male,1990-04-23,2020-01-06,2021-07-07,Item_16,2,86.2257036674067,Monthly,2
154,Customer154,Last154,Male,1990-04-23,2020-01-06,2021-01-04,Item_43,1,112.54919756438913,Weekly,5
154,Customer154,Last154,Male,1990-04-23,2020-01-06,2021-03-31,Item_21,2,52.833363538101835,Monthly,1
154,Customer154,Last154,Male,1990-04-23,2020-01-06,2021-07-29,Item_7,1,28.53687694546695,Daily,1
154,Customer154,Last154,Male,1990-04-23,2020-01-06,2020-11-26,Item_44,4,56.424588749428565,Monthly,5
154,Customer154,Last154,Male,1990-04-23,2020-01-06,2020-12-10,Item_11,1,166.66161353653612,Monthly,2
155,Customer155,Last155,Male,1999-10-27,2021-04-29,2021-05-27,Item_48,1,188.83512580415345,Monthly,1
155,Customer155,Last155,Male,1999-10-27,2021-04-29,2020-09-26,Item_33,3,113.68050881413996,Weekly,5
155,Customer155,Last155,Male,1999-10-27,2021-04-29,2020-04-13,Item_19,1,20.233059329624965,Weekly,3
155,Customer155,Last155,Male,1999-10-27,2021-04-29,2021-05-26,Item_48,4,195.21858402841127,Monthly,5
155,Customer155,Last155,Male,1999-10-27,2021-04-29,2020-04-12,Item_43,4,37.543363752165234,Monthly,3
156,Customer156,Last156,Female,2009-05-30,2020-06-05,2021-05-07,Item_5,1,138.43663236140753,Weekly,5
157,Customer157,Last157,Male,2003-09-03,2021-07-12,2020-09-23,Item_24,1,39.22031843692591,Monthly,1
157,Customer157,Last157,Male,2003-09-03,2021-07-12,2021-05-08,Item_22,3,112.51568189414597,Daily,5
158,Customer158,Last158,Female,1994-04-11,2020-12-12,2020-02-18,Item_15,4,109.1287088608805,Daily,4
158,Customer158,Last158,Female,1994-04-11,2020-12-12,2020-03-10,Item_23,1,161.1469706223166,Monthly,3
158,Customer158,Last158,Female,1994-04-11,2020-12-12,2021-10-12,Item_43,1,149.07203284127056,Monthly,2
159,Customer159,Last159,Male,1997-04-24,2020-05-28,2020-06-10,Item_20,3,54.800497852249876,Monthly,3
159,Customer159,Last159,Male,1997-04-24,2020-05-28,2021-09-06,Item_21,3,186.7605881191865,Monthly,4
159,Customer159,Last159,Male,1997-04-24,2020-05-28,2021-08-16,Item_21,2,184.85646443168747,Monthly,4
160,Customer160,Last160,Female,2009-03-20,2021-01-23,2020-09-07,Item_1,3,10.23404868162092,Daily,5
160,Customer160,Last160,Female,2009-03-20,2021-01-23,2021-12-14,Item_47,1,48.16322707383589,Weekly,2
160,Customer160,Last160,Female,2009-03-20,2021-01-23,2021-01-05,Item_44,4,133.55589531595623,Weekly,4
160,Customer160,Last160,Female,2009-03-20,2021-01-23,2020-06-10,Item_11,2,126.99098416902613,Daily,2
160,Customer160,Last160,Female,2009-03-20,2021-01-23,2021-07-05,Item_34,1,28.099686511378994,Weekly,5
160,Customer160,Last160,Female,2009-03-20,2021-01-23,2021-12-03,Item_11,1,30.73083003549245,Daily,3
160,Customer160,Last160,Female,2009-03-20,2021-01-23,2020-10-02,Item_29,2,195.09127943932296,Monthly,2
160,Customer160,Last160,Female,2009-03-20,2021-01-23,2021-12-08,Item_22,3,158.6721356671482,Monthly,3
160,Customer160,Last160,Female,2009-03-20,2021-01-23,2020-02-29,Item_24,1,91.48850698359733,Daily,3
161,Customer161,Last161,Male,2000-09-01,2021-12-18,2021-04-25,Item_4,4,85.1478822713129,Weekly,3
161,Customer161,Last161,Male,2000-09-01,2021-12-18,2021-09-20,Item_32,3,54.588067269694704,Weekly,5
161,Customer161,Last161,Male,2000-09-01,2021-12-18,2021-12-19,Item_5,3,197.4716662678607,Weekly,3
161,Customer161,Last161,Male,2000-09-01,2021-12-18,2020-02-28,Item_16,1,133.597213080426,Daily,1
161,Customer161,Last161,Male,2000-09-01,2021-12-18,2020-06-04,Item_49,4,42.00443317711673,Daily,2
161,Customer161,Last161,Male,2000-09-01,2021-12-18,2021-09-21,Item_23,2,159.70137777553035,Daily,4
161,Customer161,Last161,Male,2000-09-01,2021-12-18,2021-05-27,Item_12,3,74.91815536041496,Daily,3
161,Customer161,Last161,Male,2000-09-01,2021-12-18,2021-03-13,Item_27,2,114.42704830659565,Daily,4
161,Customer161,Last161,Male,2000-09-01,2021-12-18,2021-11-02,Item_26,4,61.172946677384765,Monthly,3
161,Customer161,Last161,Male,2000-09-01,2021-12-18,2020-11-13,Item_50,2,164.87249305126988,Monthly,3
161,Customer161,Last161,Male,2000-09-01,2021-12-18,2021-12-18,Item_23,3,10.725255483625958,Weekly,1
162,Customer162,Last162,Male,1994-02-05,2021-12-04,2021-10-19,Item_30,2,138.1177232177192,Weekly,2
162,Customer162,Last162,Male,1994-02-05,2021-12-04,2021-10-01,Item_15,1,143.55925378594858,Daily,1
162,Customer162,Last162,Male,1994-02-05,2021-12-04,2021-07-27,Item_46,1,15.163253057260391,Weekly,4
163,Customer163,Last163,Female,2014-08-16,2020-06-01,2020-11-29,Item_30,3,116.04664742283394,Daily,3
163,Customer163,Last163,Female,2014-08-16,2020-06-01,2021-01-12,Item_15,1,137.5961042864771,Daily,3
163,Customer163,Last163,Female,2014-08-16,2020-06-01,2020-06-18,Item_24,4,160.16416981342815,Daily,3
163,Customer163,Last163,Female,2014-08-16,2020-06-01,2021-09-11,Item_31,3,10.03579591575056,Weekly,5
164,Customer164,Last164,Female,2011-03-27,2021-02-26,2020-12-12,Item_30,2,170.78660548361935,Daily,2
164,Customer164,Last164,Female,2011-03-27,2021-02-26,2020-06-11,Item_16,1,37.693747966502826,Monthly,5
164,Customer164,Last164,Female,2011-03-27,2021-02-26,2020-08-04,Item_35,1,191.89134869997156,Weekly,5
164,Customer164,Last164,Female,2011-03-27,2021-02-26,2021-10-24,Item_24,3,187.2188406904884,Monthly,1
164,Customer164,Last164,Female,2011-03-27,2021-02-26,2021-07-01,Item_16,3,23.158318194313388,Daily,5
164,Customer164,Last164,Female,2011-03-27,2021-02-26,2021-03-20,Item_21,2,70.21527069553954,Daily,1
165,Customer165,Last165,Female,2018-09-08,2021-07-02,2021-10-03,Item_26,1,177.681362305724,Weekly,4
165,Customer165,Last165,Female,2018-09-08,2021-07-02,2020-05-31,Item_50,3,133.825023103084,Weekly,5
165,Customer165,Last165,Female,2018-09-08,2021-07-02,2021-06-15,Item_16,1,105.38954056280495,Weekly,4
165,Customer165,Last165,Female,2018-09-08,2021-07-02,2021-04-04,Item_21,3,22.984777751129474,Monthly,3
166,Customer166,Last166,Male,2006-04-15,2021-06-17,2020-03-08,Item_46,1,95.39242869061016,Daily,2
166,Customer166,Last166,Male,2006-04-15,2021-06-17,2020-04-19,Item_39,1,164.0303263173906,Weekly,5
166,Customer166,Last166,Male,2006-04-15,2021-06-17,2020-03-06,Item_3,3,167.80154671691957,Monthly,3
166,Customer166,Last166,Male,2006-04-15,2021-06-17,2020-02-11,Item_35,1,162.25971400570862,Weekly,5
166,Customer166,Last166,Male,2006-04-15,2021-06-17,2020-07-29,Item_34,1,190.55942305681242,Daily,5
167,Customer167,Last167,Female,2009-12-06,2020-06-29,2020-08-03,Item_40,3,193.1262323416467,Monthly,3
167,Customer167,Last167,Female,2009-12-06,2020-06-29,2021-12-27,Item_2,2,83.40629287117994,Weekly,5
167,Customer167,Last167,Female,2009-12-06,2020-06-29,2020-02-20,Item_3,3,106.6300649950399,Monthly,2
168,Customer168,Last168,Male,2000-04-05,2020-11-20,2020-09-06,Item_46,4,125.1758555766226,Daily,2
168,Customer168,Last168,Male,2000-04-05,2020-11-20,2021-01-03,Item_23,2,43.20695413720166,Daily,4
168,Customer168,Last168,Male,2000-04-05,2020-11-20,2020-10-03,Item_3,1,82.37280984708757,Daily,4
168,Customer168,Last168,Male,2000-04-05,2020-11-20,2020-02-16,Item_49,3,80.56762785352674,Weekly,4
168,Customer168,Last168,Male,2000-04-05,2020-11-20,2020-09-14,Item_16,1,45.47742619687788,Weekly,3
168,Customer168,Last168,Male,2000-04-05,2020-11-20,2020-06-12,Item_3,3,78.47178578676603,Monthly,5
169,Customer169,Last169,Male,2001-10-28,2020-11-20,2020-07-17,Item_14,2,16.495675528440053,Monthly,4
169,Customer169,Last169,Male,2001-10-28,2020-11-20,2021-11-30,Item_46,2,62.52392121084525,Monthly,3
170,Customer170,Last170,Female,1994-06-23,2021-05-14,2021-01-31,Item_27,3,40.55683912485611,Monthly,3
170,Customer170,Last170,Female,1994-06-23,2021-05-14,2020-06-19,Item_13,4,190.78092633653833,Monthly,1
170,Customer170,Last170,Female,1994-06-23,2021-05-14,2020-03-08,Item_22,3,33.41230429271155,Daily,3
170,Customer170,Last170,Female,1994-06-23,2021-05-14,2021-03-14,Item_48,1,60.51171596431956,Monthly,4
170,Customer170,Last170,Female,1994-06-23,2021-05-14,2020-09-04,Item_37,4,69.8860090084982,Weekly,1
171,Customer171,Last171,Female,2013-08-12,2020-07-01,2021-10-28,Item_29,1,183.2488466423831,Daily,4
171,Customer171,Last171,Female,2013-08-12,2020-07-01,2020-12-09,Item_41,3,106.2993020458917,Monthly,2
172,Customer172,Last172,Male,2004-01-28,2021-05-07,2020-12-01,Item_28,4,166.65766891039843,Monthly,1
172,Customer172,Last172,Male,2004-01-28,2021-05-07,2021-12-06,Item_16,3,122.72294317893396,Daily,3
172,Customer172,Last172,Male,2004-01-28,2021-05-07,2021-03-26,Item_45,4,31.490865624548874,Monthly,5
172,Customer172,Last172,Male,2004-01-28,2021-05-07,2021-07-04,Item_13,1,74.67221760666823,Daily,1
173,Customer173,Last173,Male,1993-07-01,2020-01-18,2021-01-02,Item_26,4,151.90638606580632,Weekly,5
173,Customer173,Last173,Male,1993-07-01,2020-01-18,2021-07-15,Item_47,3,197.77230149002494,Monthly,4
173,Customer173,Last173,Male,1993-07-01,2020-01-18,2021-11-05,Item_6,2,180.79115656118472,Weekly,3
173,Customer173,Last173,Male,1993-07-01,2020-01-18,2020-01-08,Item_7,2,53.2900593331909,Monthly,5
173,Customer173,Last173,Male,1993-07-01,2020-01-18,2021-01-26,Item_19,1,10.357177869733022,Weekly,3
173,Customer173,Last173,Male,1993-07-01,2020-01-18,2020-11-24,Item_12,3,58.321176423880175,Weekly,1
174,Customer174,Last174,Female,2005-10-22,2021-06-29,2021-03-01,Item_44,3,66.40516216645335,Monthly,3
174,Customer174,Last174,Female,2005-10-22,2021-06-29,2021-05-23,Item_11,2,22.277169170376368,Daily,1
175,Customer175,Last175,Female,2016-04-17,2020-11-20,2021-12-19,Item_42,4,125.86804304475196,Daily,3
176,Customer176,Last176,Female,2019-03-21,2021-01-18,2021-02-09,Item_31,1,13.302160135241131,Daily,3
176,Customer176,Last176,Female,2019-03-21,2021-01-18,2021-08-30,Item_34,3,105.08460873484088,Weekly,1
176,Customer176,Last176,Female,2019-03-21,2021-01-18,2021-04-08,Item_1,1,53.857545939262295,Weekly,5
177,Customer177,Last177,Male,2009-12-25,2021-03-07,2021-07-04,Item_13,4,36.447624677330666,Daily,1
177,Customer177,Last177,Male,2009-12-25,2021-03-07,2021-12-06,Item_37,4,46.43866656245351,Daily,3
177,Customer177,Last177,Male,2009-12-25,2021-03-07,2021-07-10,Item_30,3,164.23292120448488,Weekly,5
177,Customer177,Last177,Male,2009-12-25,2021-03-07,2021-12-02,Item_14,1,151.04612960877674,Monthly,3
177,Customer177,Last177,Male,2009-12-25,2021-03-07,2021-09-01,Item_31,4,128.64083482962832,Weekly,4
178,Customer178,Last178,Male,2000-07-19,2020-07-20,2021-12-10,Item_48,1,98.50443333384722,Daily,4
178,Customer178,Last178,Male,2000-07-19,2020-07-20,2020-07-27,Item_36,2,56.29477605213466,Monthly,2
178,Customer178,Last178,Male,2000-07-19,2020-07-20,2020-12-02,Item_35,4,104.87342864593747,Monthly,5
178,Customer178,Last178,Male,2000-07-19,2020-07-20,2021-10-14,Item_32,2,52.00204057620841,Monthly,3
178,Customer178,Last178,Male,2000-07-19,2020-07-20,2021-09-13,Item_38,3,170.50999289434407,Daily,5
178,Customer178,Last178,Male,2000-07-19,2020-07-20,2020-09-10,Item_25,3,41.75508217953204,Daily,2
178,Customer178,Last178,Male,2000-07-19,2020-07-20,2021-03-16,Item_21,1,88.42461456054495,Monthly,3
179,Customer179,Last179,Male,2011-05-23,2020-04-29,2021-09-23,Item_28,3,75.27649020738374,Daily,1
179,Customer179,Last179,Male,2011-05-23,2020-04-29,2021-07-06,Item_20,4,125.61241840536034,Daily,4
179,Customer179,Last179,Male,2011-05-23,2020-04-29,2020-12-16,Item_48,1,80.57018035587869,Monthly,4
179,Customer179,Last179,Male,2011-05-23,2020-04-29,2020-12-30,Item_9,3,198.31402204604768,Daily,4
179,Customer179,Last179,Male,2011-05-23,2020-04-29,2021-08-27,Item_27,2,66.3330584438299,Monthly,2
179,Customer179,Last179,Male,2011-05-23,2020-04-29,2020-03-12,Item_8,4,69.67155104861908,Daily,4
179,Customer179,Last179,Male,2011-05-23,2020-04-29,2021-01-25,Item_41,1,169.24891487486565,Monthly,2
180,Customer180,Last180,Male,2008-12-31,2020-03-27,2021-07-15,Item_18,2,166.07373832187463,Weekly,1
180,Customer180,Last180,Male,2008-12-31,2020-03-27,2021-09-19,Item_44,2,109.27139769806249,Daily,5
180,Customer180,Last180,Male,2008-12-31,2020-03-27,2020-09-13,Item_17,4,192.71648983141452,Monthly,3
180,Customer180,Last180,Male,2008-12-31,2020-03-27,2020-11-28,Item_35,3,134.5874977867147,Monthly,5
180,Customer180,Last180,Male,2008-12-31,2020-03-27,2020-02-06,Item_39,1,160.4229978061368,Monthly,5
180,Customer180,Last180,Male,2008-12-31,2020-03-27,2020-11-18,Item_22,2,47.209754391514586,Monthly,4
181,Customer181,Last181,Male,2009-09-20,2020-04-05,2021-01-23,Item_11,3,70.4411951874427,Daily,1
181,Customer181,Last181,Male,2009-09-20,2020-04-05,2021-11-13,Item_22,1,101.51062084162385,Monthly,2
181,Customer181,Last181,Male,2009-09-20,2020-04-05,2021-09-11,Item_41,3,153.690284999376,Daily,5
181,Customer181,Last181,Male,2009-09-20,2020-04-05,2021-11-08,Item_20,4,106.3397097344338,Monthly,2
182,Customer182,Last182,Male,1992-02-13,2020-09-29,2021-03-02,Item_40,3,35.2157842256627,Monthly,2
182,Customer182,Last182,Male,1992-02-13,2020-09-29,2020-01-07,Item_15,1,104.13589965758653,Weekly,3
182,Customer182,Last182,Male,1992-02-13,2020-09-29,2020-09-21,Item_48,2,20.03275248902034,Weekly,2
183,Customer183,Last183,Female,1999-10-04,2021-07-05,2020-01-06,Item_33,3,99.33469261236637,Monthly,2
183,Customer183,Last183,Female,1999-10-04,2021-07-05,2020-07-07,Item_8,3,54.694761112377115,Monthly,1
183,Customer183,Last183,Female,1999-10-04,2021-07-05,2021-01-07,Item_36,2,54.18475808942222,Monthly,3
183,Customer183,Last183,Female,1999-10-04,2021-07-05,2021-12-04,Item_9,2,11.335548724587639,Monthly,2
184,Customer184,Last184,Male,1991-10-04,2021-12-11,2020-11-02,Item_33,3,128.80788544065007,Daily,1
184,Customer184,Last184,Male,1991-10-04,2021-12-11,2020-01-29,Item_15,1,151.41302246304156,Daily,5
184,Customer184,Last184,Male,1991-10-04,2021-12-11,2021-10-24,Item_13,2,158.6905685717542,Monthly,1
184,Customer184,Last184,Male,1991-10-04,2021-12-11,2021-06-14,Item_26,1,18.473032590862694,Monthly,3
184,Customer184,Last184,Male,1991-10-04,2021-12-11,2021-03-30,Item_23,1,115.98583646654826,Weekly,2
185,Customer185,Last185,Male,2012-09-15,2021-01-18,2020-02-14,Item_38,2,122.15014838826826,Daily,3
185,Customer185,Last185,Male,2012-09-15,2021-01-18,2020-08-12,Item_5,2,82.9309588548813,Daily,1
185,Customer185,Last185,Male,2012-09-15,2021-01-18,2020-01-18,Item_21,3,94.0578879313272,Daily,5
185,Customer185,Last185,Male,2012-09-15,2021-01-18,2021-11-19,Item_4,1,180.20477350065758,Monthly,2
185,Customer185,Last185,Male,2012-09-15,2021-01-18,2020-02-23,Item_17,1,28.052222808537884,Daily,5
185,Customer185,Last185,Male,2012-09-15,2021-01-18,2020-03-30,Item_17,3,135.32957961500102,Weekly,1
185,Customer185,Last185,Male,2012-09-15,2021-01-18,2020-10-04,Item_9,2,31.04220461060204,Daily,3
186,Customer186,Last186,Male,2009-12-07,2020-07-05,2021-07-18,Item_24,2,190.79449512751214,Daily,3
186,Customer186,Last186,Male,2009-12-07,2020-07-05,2020-05-09,Item_15,1,137.31824657607893,Weekly,5
186,Customer186,Last186,Male,2009-12-07,2020-07-05,2021-06-19,Item_44,1,42.390808253044334,Weekly,5
186,Customer186,Last186,Male,2009-12-07,2020-07-05,2021-01-09,Item_21,4,83.54496446376986,Daily,3
186,Customer186,Last186,Male,2009-12-07,2020-07-05,2020-05-11,Item_41,1,168.51763953140582,Monthly,3
186,Customer186,Last186,Male,2009-12-07,2020-07-05,2020-11-04,Item_49,3,113.3631500447228,Daily,4
187,Customer187,Last187,Female,1997-10-23,2020-04-06,2021-05-18,Item_27,2,125.38822516990753,Daily,2
187,Customer187,Last187,Female,1997-10-23,2020-04-06,2021-09-07,Item_34,4,126.32901731742001,Daily,4
187,Customer187,Last187,Female,1997-10-23,2020-04-06,2020-01-26,Item_30,3,89.49595984685402,Daily,5
187,Customer187,Last187,Female,1997-10-23,2020-04-06,2020-03-02,Item_13,2,89.02239956791875,Monthly,3
187,Customer187,Last187,Female,1997-10-23,2020-04-06,2020-12-09,Item_7,3,71.39482484335292,Monthly,1
187,Customer187,Last187,Female,1997-10-23,2020-04-06,2021-02-03,Item_35,3,83.42755982023796,Monthly,1
187,Customer187,Last187,Female,1997-10-23,2020-04-06,2020-11-28,Item_10,3,97.43083025280353,Monthly,4
187,Customer187,Last187,Female,1997-10-23,2020-04-06,2021-10-23,Item_28,1,95.04455866084122,Daily,5
188,Customer188,Last188,Male,2006-01-20,2020-05-28,2020-12-08,Item_14,2,152.96127489695877,Daily,1
188,Customer188,Last188,Male,2006-01-20,2020-05-28,2021-12-18,Item_31,4,66.10287495185892,Daily,4
188,Customer188,Last188,Male,2006-01-20,2020-05-28,2020-07-13,Item_50,3,34.481255280048416,Monthly,1
189,Customer189,Last189,Male,2002-12-21,2021-05-31,2020-06-03,Item_39,2,112.58210950542038,Monthly,1
189,Customer189,Last189,Male,2002-12-21,2021-05-31,2021-05-21,Item_5,3,165.55434085265424,Weekly,4
189,Customer189,Last189,Male,2002-12-21,2021-05-31,2020-07-11,Item_19,2,174.29037648637265,Daily,3
189,Customer189,Last189,Male,2002-12-21,2021-05-31,2021-10-20,Item_44,2,153.308173425334,Daily,1
189,Customer189,Last189,Male,2002-12-21,2021-05-31,2021-02-09,Item_7,2,158.42238051951466,Weekly,2
190,Customer190,Last190,Female,2003-08-19,2021-11-09,2020-08-19,Item_6,4,147.15864930611767,Daily,3
190,Customer190,Last190,Female,2003-08-19,2021-11-09,2020-06-04,Item_35,1,182.48554406708163,Weekly,3
190,Customer190,Last190,Female,2003-08-19,2021-11-09,2020-03-10,Item_12,3,29.53055685360648,Daily,4
190,Customer190,Last190,Female,2003-08-19,2021-11-09,2020-05-25,Item_43,1,111.12944053441763,Daily,2
190,Customer190,Last190,Female,2003-08-19,2021-11-09,2021-07-31,Item_21,3,61.51801293503511,Monthly,2
190,Customer190,Last190,Female,2003-08-19,2021-11-09,2021-12-25,Item_25,3,136.59830830865755,Daily,5
190,Customer190,Last190,Female,2003-08-19,2021-11-09,2021-07-26,Item_41,4,194.44249195742734,Daily,3
190,Customer190,Last190,Female,2003-08-19,2021-11-09,2021-11-16,Item_21,3,15.52356226535121,Weekly,2
190,Customer190,Last190,Female,2003-08-19,2021-11-09,2020-07-28,Item_10,1,172.8060478542679,Monthly,5
191,Customer191,Last191,Male,1999-09-28,2021-02-21,2020-03-14,Item_39,1,64.85026315082123,Daily,4
191,Customer191,Last191,Male,1999-09-28,2021-02-21,2020-11-12,Item_3,3,46.966081405207184,Weekly,2
191,Customer191,Last191,Male,1999-09-28,2021-02-21,2021-04-13,Item_9,2,74.07315522352987,Weekly,4
191,Customer191,Last191,Male,1999-09-28,2021-02-21,2020-10-02,Item_49,2,189.03992403790664,Daily,1
191,Customer191,Last191,Male,1999-09-28,2021-02-21,2021-10-12,Item_12,2,70.81136817898687,Monthly,5
191,Customer191,Last191,Male,1999-09-28,2021-02-21,2020-01-25,Item_7,3,151.97172167098716,Monthly,3
192,Customer192,Last192,Male,2009-12-25,2020-09-02,2021-10-11,Item_47,1,193.0358982358758,Weekly,3
192,Customer192,Last192,Male,2009-12-25,2020-09-02,2021-08-25,Item_3,4,167.86666635492404,Weekly,2
192,Customer192,Last192,Male,2009-12-25,2020-09-02,2020-01-07,Item_3,4,124.61168794054072,Monthly,4
192,Customer192,Last192,Male,2009-12-25,2020-09-02,2021-11-12,Item_48,3,125.21047944234137,Daily,5
192,Customer192,Last192,Male,2009-12-25,2020-09-02,2021-05-05,Item_48,1,44.31297365330717,Weekly,2
192,Customer192,Last192,Male,2009-12-25,2020-09-02,2021-02-14,Item_7,1,155.65181955461225,Monthly,5
192,Customer192,Last192,Male,2009-12-25,2020-09-02,2021-07-25,Item_34,2,154.1007533951311,Weekly,1
193,Customer193,Last193,Male,1997-06-09,2021-08-26,2020-02-08,Item_32,4,41.708172392425475,Daily,3
193,Customer193,Last193,Male,1997-06-09,2021-08-26,2020-05-22,Item_10,4,130.93322369933927,Monthly,2
194,Customer194,Last194,Male,2016-05-22,2021-03-17,2020-12-11,Item_21,1,94.81004283739125,Weekly,1
194,Customer194,Last194,Male,2016-05-22,2021-03-17,2020-08-14,Item_36,2,114.21494711378058,Daily,4
194,Customer194,Last194,Male,2016-05-22,2021-03-17,2021-04-14,Item_35,4,34.16795491061542,Weekly,1
194,Customer194,Last194,Male,2016-05-22,2021-03-17,2021-10-27,Item_34,1,154.0551521045421,Monthly,4
194,Customer194,Last194,Male,2016-05-22,2021-03-17,2020-05-19,Item_16,4,144.14361145616468,Monthly,4
194,Customer194,Last194,Male,2016-05-22,2021-03-17,2020-02-02,Item_26,2,154.32065792178005,Monthly,5
195,Customer195,Last195,Male,2010-11-15,2021-01-28,2021-12-04,Item_28,3,155.86753873268825,Monthly,4
195,Customer195,Last195,Male,2010-11-15,2021-01-28,2021-11-08,Item_11,3,140.75949451465314,Daily,3
195,Customer195,Last195,Male,2010-11-15,2021-01-28,2020-12-29,Item_22,1,132.6050691298862,Daily,5
195,Customer195,Last195,Male,2010-11-15,2021-01-28,2020-04-15,Item_37,1,30.08176118219208,Daily,2
195,Customer195,Last195,Male,2010-11-15,2021-01-28,2021-01-25,Item_10,3,62.38677208815493,Daily,2
195,Customer195,Last195,Male,2010-11-15,2021-01-28,2021-12-24,Item_28,2,159.55405449430478,Monthly,4
196,Customer196,Last196,Female,2000-02-26,2021-07-20,2021-07-01,Item_43,2,110.03484688921839,Monthly,5
196,Customer196,Last196,Female,2000-02-26,2021-07-20,2021-10-28,Item_18,2,50.276673271425324,Daily,5
197,Customer197,Last197,Female,2012-09-12,2021-07-21,2021-04-15,Item_49,2,120.08883087526515,Weekly,1
197,Customer197,Last197,Female,2012-09-12,2021-07-21,2021-02-22,Item_41,4,58.50823969840205,Monthly,4
197,Customer197,Last197,Female,2012-09-12,2021-07-21,2020-04-04,Item_45,1,122.63427841415032,Monthly,1
197,Customer197,Last197,Female,2012-09-12,2021-07-21,2020-06-29,Item_15,1,38.6284604648767,Daily,5
197,Customer197,Last197,Female,2012-09-12,2021-07-21,2020-01-14,Item_8,1,168.2092891759382,Monthly,3
198,Customer198,Last198,Female,2005-04-12,2021-03-24,2021-11-30,Item_9,1,75.74314785251951,Weekly,5
198,Customer198,Last198,Female,2005-04-12,2021-03-24,2020-04-06,Item_33,4,101.06299642949459,Monthly,3
198,Customer198,Last198,Female,2005-04-12,2021-03-24,2021-08-29,Item_14,4,113.07094078667983,Daily,3
198,Customer198,Last198,Female,2005-04-12,2021-03-24,2020-01-07,Item_4,2,78.98913996046198,Weekly,5
198,Customer198,Last198,Female,2005-04-12,2021-03-24,2020-04-01,Item_36,4,79.10169370366664,Weekly,4
199,Customer199,Last199,Male,1992-05-31,2021-02-10,2020-08-13,Item_2,4,121.73109183711504,Daily,1
199,Customer199,Last199,Male,1992-05-31,2021-02-10,2020-04-20,Item_23,2,42.426304124499694,Weekly,5
200,Customer200,Last200,Male,1999-06-14,2020-11-14,2020-03-03,Item_32,1,157.40289980066166,Daily,1
200,Customer200,Last200,Male,1999-06-14,2020-11-14,2020-09-29,Item_40,3,137.18417627727865,Weekly,2
200,Customer200,Last200,Male,1999-06-14,2020-11-14,2021-10-29,Item_27,3,135.21675149869935,Weekly,3
200,Customer200,Last200,Male,1999-06-14,2020-11-14,2020-04-13,Item_23,1,41.09992227840728,Daily,2
